QA257M;	by the FoldX Consortium 
QA257W;	Jesper Borg, Frederic Rousseau, Joost Schymkowitz,
QA257L;	Luis Serrano and Francois Stricher
QA257K;	------------------------------------------------------
QA257I;	
QA257H;	PDB file analysed: batch
QA257G;	Output type: BuildModel
QA257F;	Pdb	total energy	Backbone Hbond	Sidechain Hbond	Van der Waals	Electrostatics	Solvation Polar	Solvation Hydrophobic	Van der Waals clashes	entropy sidechain	entropy mainchain	sloop_entropy	mloop_entropy	cis_bond	torsional clash	backbone clash	helix dipole	water bridge	disulfide	electrostatic kon	partial covalent bonds	energy Ionisation	Entropy Complex
QA257E;	AMIE_1.pdb	0.215678	0.126987	4.52295	-0.55168	0.0624473	-0.364009	-1.59985	-0.151701	-0.800656	-0.169927	0	0	0	-0.858608	0.0316723	-0.000271983	0	0	0	0	0	0
QA257C;	AMIE_2.pdb	20.72	0.353356	3.3134	-1.21199	0.528631	0.9354	-2.42848	20.4253	-1.55202	-0.59775	0	0	0	0.953793	0.160286	0.000380572	0	0	0	0	0	0
QA257A;	AMIE_3.pdb	-0.235871	0.041148	6.13937	0.344087	0.0251783	-1.78024	-0.895028	0.326278	-2.61938	-0.965801	0	0	0	-0.846354	0.00388196	-0.00512965	0	0	0	0	0	0
LA258C;	AMIE_4.pdb	1.03604	1.02103	3.50978	0.277731	0.0381563	-0.331792	-0.390055	-0.111735	-1.49909	-1.49641	0	0	0	0.0199419	-0.00465202	-0.00151734	0	0	0	0	0	0
LA258Y;	AMIE_5.pdb	2.46944	0.553981	3.22829	0.013704	0.111543	-1.43378	-1.34224	4.18101	-1.48985	-1.39545	0	0	0	0.0414498	0.0232465	0.000787345	0	0	0	0	0	0
LA258V;	AMIE_6.pdb	8.32419	0.372399	4.4605	-0.563755	-0.00423202	1.54067	-0.610202	5.40612	-2.41816	-0.452968	0	0	0	0.44393	0.0468879	-5.55112e-15	0	0	0	0	0.149888	0
LA258T;	AMIE_7.pdb	2.25566	0.637509	4.01944	2.58322	0.12243	-3.85716	2.5789	-0.0401461	-2.98686	-0.777497	0	0	0	-0.0228899	-0.145787	-0.0012795	0	0	0	0	1.40332e-13	0
LA258S;	AMIE_8.pdb	12.2231	0.266905	3.51946	-0.80579	0.314116	-0.443037	-1.89721	12.6845	-2.0364	-0.665469	0	0	0	1.28585	0.0847238	0.000179707	0	0	0	0	1.40332e-13	0
LA258R;	AMIE_9.pdb	1.3886	0.457121	3.60331	0.184575	-1.28869	1.20135	0.1167	-0.0175373	-1.64477	-1.21954	0	0	0	9.6716e-05	-0.0345681	-0.00401238	0	0	0	0	1.40332e-13	0
LA258Q;	AMIE_10.pdb	0.819553	0.493351	4.42799	1.26939	0.103839	-2.75682	0.971861	-0.174573	-2.58184	-0.948806	0	0	0	0.0180278	-0.0958257	-0.0028651	0	0	0	0	1.40332e-13	0
LA258P;	AMIE_11.pdb	1.63719	0.588496	4.51645	1.78186	0.070362	-2.97038	1.5156	-0.115326	-3.18408	-0.599888	0	0	0	0.0355501	-0.100737	-0.00145031	0	0	0	0	1.40332e-13	0
LA258N;	AMIE_12.pdb	2.62052	0.120077	-1.263	1.12773	-0.000503927	-0.222475	2.83812	0.107013	-0.101984	0.0180228	0	0	0	-0.00248282	-0.00376394	0	0	0	0	0	0	0
LA258M;	AMIE_13.pdb	5.24361	-0.470033	-0.517006	-0.594783	-0.525445	0.742392	-0.0580958	6.59551	-0.136479	0.124762	0	0	0	0.0827812	0.0105887	0	0	0	0	0	0	0
LA258K;	AMIE_14.pdb	4.38566	0.0472265	-0.000532138	0.75533	-0.00137081	-0.0996368	1.67182	2.59583	-0.575015	-0.238962	0	0	0	0.230979	-0.0104502	-2.47609e-08	0	0	0	0	1.40443e-13	0
LA258I;	AMIE_15.pdb	4.59384	0.163044	-0.284738	1.04083	-0.00132862	0.70136	2.86972	-0.0240146	-0.508317	-0.238372	0	0	0	0.875658	-0.0087602	2.47609e-08	0	0	0	0	-1.40443e-13	0
LA258H;	AMIE_16.pdb	5.41363	0.13845	0	1.48241	-0.00339227	0.484935	3.85371	-0.00243701	-0.668788	0.131264	0	0	0	-0.00252067	-0.0254069	0	0	0	0	0	0	0
LA258G;	AMIE_17.pdb	7.53158	-0.965569	-1.22584	-0.644714	0.455234	3.01171	1.34234	4.47567	0.792405	0.157239	0	0	0	0.131202	-0.0223931	0.00189864	0	0	0	0	0	0
LA258F;	AMIE_18.pdb	4.22984	0.0247721	-6.59815e-06	0.0862525	-0.00339162	1.53553	1.58848	-0.00181842	0.723299	0.270646	0	0	0	0.00607721	-0.0234768	2.47609e-08	0	0	0	0	-1.4011e-13	0
LA258E;	AMIE_19.pdb	5.84439	1.42585	-6.39919e-06	1.18161	-0.00242316	-0.627687	2.30238	2.10475	-0.819166	0.281638	0	0	0	-0.00254853	-0.0262344	2.47609e-08	0	0	0	0	-1.4011e-13	0
LA258D;	AMIE_20.pdb	3.16233	0.0361578	-1.28933	0.586191	-0.000107267	1.57874	2.61507	-0.0163948	-0.330876	-0.01662	0	0	0	-0.000505255	-0.000711153	2.47609e-08	0	0	0	0	-1.4011e-13	0
LA258W;	AMIE_21.pdb	1.33705	0.0102163	0	-0.267889	-0.00268267	-0.224178	-0.0896055	0.713082	0.887992	0.17883	0	0	0	0.13128	-0.045162	0	0	0	0	0	0	0
LA258A;	AMIE_22.pdb	4.90524	0.00543533	0	-0.132463	0.132694	3.04613	0.796149	0.122412	0.854885	0.079786	0	0	0	-0.0007876	-0.0223574	0.000997943	0	0	0	0	0	0
SA259A;	AMIE_23.pdb	3.23842	0.0213825	0.0279603	0.0841259	0.081358	0.0193445	0.249305	1.93801	-0.0558763	-0.250371	0	0	0	1.12318	0.0297887	-2.47609e-08	0	0	0	0	1.39888e-13	0
SA259V;	AMIE_24.pdb	6.1589	0.0418545	-0.0192081	-0.137823	-2.14111	3.39692	1.18073	3.00864	-0.150229	0.237815	0	0	0	-0.0919869	-0.0669349	0.00446009	0	0	0	0	0.828841	0
SA259C;	AMIE_25.pdb	5.80571	0.27198	-6.31119e-06	2.26425	-0.00347208	-0.744138	4.55612	-0.0249955	-1.35898	0.846422	0	0	0	-0.0014665	-0.049659	2.47609e-08	0	0	0	0	-1.37779e-13	0
SA259D;	AMIE_26.pdb	1.10569	-0.00932835	0.00381428	-0.570805	-1.65985	0.000859677	-0.458054	3.00437	-0.243296	0.140201	0	0	0	0.897773	-0.0696152	-2.47609e-08	0	0	0	0	1.37557e-13	0
SA259E;	AMIE_27.pdb	4.88507	0.0368531	-6.39919e-06	0.270689	-0.553388	2.88473	1.73763	-0.00766992	0.435595	0.0871352	0	0	0	-0.00250216	-0.0233615	-0.00399329	0	0	0	0	-1.37668e-13	0
SA259F;	AMIE_28.pdb	4.87226	0.0763843	-6.39919e-06	0.84913	-1.0278	2.76507	2.79811	-0.00159517	-0.461742	-0.229843	0	0	0	0.113268	0.00911548	-0.00871349	0	0	0	0	-1.37668e-13	0
SA259G;	AMIE_29.pdb	9.58145	-0.0188548	6.39919e-06	-1.25764	0.332312	1.20327	-1.61041	9.93669	-0.172946	0.429007	0	0	0	0.740021	0.00488136	-2.47609e-08	0	0	0	0	1.37557e-13	0
SA259H;	AMIE_30.pdb	4.39561	0.183869	0	1.71667	-0.00214429	-0.408001	3.59514	-0.00382245	-1.09161	0.408002	0	0	0	-0.00248923	-0.0171952	0	0	0	0	0	0	0
SA259Y;	AMIE_31.pdb	1.45806	0.560001	1.78256	0.228708	0.0115517	-0.347067	-0.417981	-1.83627e-06	-0.549358	0.189013	0	0	0	0.000630305	-0.0857744	2.47609e-08	0	0	0	0	-1.37668e-13	0
SA259I;	AMIE_32.pdb	3.07516	0.438818	3.05663	-0.622982	0.127801	0.566284	-1.86678	1.27005	-0.00715487	-0.269562	0	0	0	0.308924	0.18003	0.0731263	0	0	0	0	1.37668e-13	0
SA259L;	AMIE_33.pdb	2.56922	0.520939	1.78533	-0.340312	-0.0237505	0.379802	-0.921434	1.00676	0.268414	-0.10678	0	0	0	0.000259831	0.052483	2.5017e-08	0	0	0	0	-1.37668e-13	0
SA259M;	AMIE_34.pdb	4.03765	0.575818	1.28414	0.115098	-1.73353	1.74354	0.1394	1.3017	-0.647212	0.093388	0	0	0	1.32346	0.0401693	-0.158165	0	0	0	0	1.37668e-13	0
SA259N;	AMIE_35.pdb	2.0449	0.646506	0.399657	-0.53814	-1.61971	1.92543	-1.35219	0.826019	0.590347	0.0153175	0	0	0	1.27208	0.169028	-0.120408	0	0	0	0	1.37668e-13	0
SA259P;	AMIE_36.pdb	5.6305	1.31712	4.99004	-0.782276	0.216349	0.0988997	-2.06712	2.55652	-0.77707	-0.0944876	0	0	0	-0.0675383	0.356268	0.240063	0	0	0	0	1.37668e-13	0
SA259R;	AMIE_37.pdb	1.84828	0.677371	1.79307	0.794472	0.0282418	-1.7699	0.478168	-0.0027968	-0.600567	0.453741	0	0	0	-0.00351198	-0.369335	0	0	0	0	0	0	0
SA259T;	AMIE_38.pdb	4.78462	0.760824	4.16877	-0.653425	0.212272	0.638062	-1.24548	1.02613	-0.719719	0.28624	0	0	0	-0.0123333	0.358162	0.239743	0	0	0	0	0.0835383	0
SA259K;	AMIE_39.pdb	6.49996	1.23352	5.43735	-0.481738	-0.0434963	1.03168	-1.71367	2.55013	-1.78566	-0.00976338	0	0	0	0.283081	0.0744149	-0.00148022	0	0	0	0	2.50466e-13	0
SA259Q;	AMIE_40.pdb	3.752	-0.0357896	3.65499	-1.09834	0.144341	0.798745	-2.67674	1.84552	0.579188	-0.268718	0	0	0	0.729272	0.282398	0.0795253	0	0	0	0	2.50466e-13	0
LA260F;	AMIE_41.pdb	3.52849	0.508846	1.79871	-1.1339	-0.0736265	1.61337	-2.50124	2.9001	0.67766	-0.265974	0	0	0	0.00454883	0.214322	-1.30076e-09	0	0	0	0	-2.50466e-13	0
LA260Q;	AMIE_42.pdb	2.58205	0.536302	1.7953	-1.36358	-0.0462352	1.54239	-2.56075	1.34283	1.03087	0.296505	0	0	0	0.00841391	0.191826	0	0	0	0	0	0	0
	AMIE_43.pdb	4.12577	0.536549	0.908664	-0.736898	-0.0634232	1.51322	-0.995233	1.26543	0.186519	0.114782	0	0	0	1.39627	0.0541957	-0.000111914	0	0	0	0	2.50466e-13	0
	AMIE_44.pdb	5.19845	0.551092	1.75528	-0.266039	0.0145398	-0.96954	-1.60732	5.49469	-0.167776	0.387444	0	0	0	0.00607774	-0.2287	0	0	0	0	0	0	0
	AMIE_45.pdb	3.26393	0.517039	0.858382	-1.09251	-0.538403	2.25223	-1.55505	1.3354	1.08428	0.181661	0	0	0	0.0801771	0.249333	0.140715	0	0	0	0	0	0
	AMIE_46.pdb	1.01235	-0.00784033	-0.85638	-0.734324	-0.0169601	1.13274	-1.31296	2.80849	0.160942	-0.311113	0	0	0	0.149751	0.266519	-2.20361e-08	0	0	0	0	2.50466e-13	0
	AMIE_47.pdb	3.4911	0.669955	1.40724	-1.05473	-0.466541	2.29864	-1.96183	0.434747	0.901119	-0.0670582	0	0	0	1.2522	0.132354	0.0773598	0	0	0	0	2.50466e-13	0
	AMIE_48.pdb	4.16512	0.86324	0.719341	-0.836952	-0.0529364	2.04243	-1.48416	1.40698	1.45367	0.0859867	0	0	0	-0.0324861	0.188689	0	0	0	0	0	0	0
	AMIE_49.pdb	4.91586	0.0212131	-0.0195663	-0.675786	0.022493	0.257083	-0.856964	5.62629	0.0586342	0.398056	0	0	0	0.0256367	0.0136114	0.0587685	0	0	0	0	0	0
	AMIE_50.pdb	2.47699	0.250878	-2.25623	0.204317	0.124054	0.800108	1.40671	0.75956	0.598843	0.748128	0	0	0	-0.179705	0.0144333	0.0203268	0	0	0	0	2.50466e-13	0
