IA72G;	by the FoldX Consortium 
IA72V;	Jesper Borg, Frederic Rousseau, Joost Schymkowitz,
DA73G;	Luis Serrano and Francois Stricher
DA73V;	------------------------------------------------------
YA74G;	
YA74V;	PDB file analysed: batch
VA75A;	Output type: BuildModel
VA75G;	Pdb	total energy	Backbone Hbond	Sidechain Hbond	Van der Waals	Electrostatics	Solvation Polar	Solvation Hydrophobic	Van der Waals clashes	entropy sidechain	entropy mainchain	sloop_entropy	mloop_entropy	cis_bond	torsional clash	backbone clash	helix dipole	water bridge	disulfide	electrostatic kon	partial covalent bonds	energy Ionisation	Entropy Complex
PA76V;	PAFA_1.pdb	3.58496	0.252185	0.114129	2.78666	-0.0606106	-2.66702	4.47074	1.47111	-1.57768	0.287924	0	0	0	-1.49253	-0.596586	-1.15463e-14	0	0	0	0	4.09569e-05	0
TA77G;	PAFA_2.pdb	0.0984303	0.0331614	0.0116204	0.560153	0.00834984	-0.519266	1.12035	-0.149655	-0.579421	-0.0836	0	0	0	-0.303261	-0.0180968	-2.22045e-16	0	0	0	0	0	0
TA77V;	PAFA_3.pdb	1.63472	0.327293	1.3327	1.09101	1.15456	-2.90158	1.09313	-0.0560469	-0.485908	0.342	0	0	0	-0.0168489	-0.189086	-0.0595901	0	0	0	0	-0.185999	0
VA78A;	PAFA_4.pdb	0.777819	0.151012	1.31976	-0.425072	1.11837	-1.24532	-1.18191	-0.0442101	-0.0401074	0.304	0	0	0	1.03732	0.125584	-0.0658315	0	0	0	0	-0.150191	0
VA78G;	PAFA_5.pdb	2.24316	0.129069	0.062921	2.93242	-0.00299474	-2.34012	4.40885	-2.3029	-1.02874	0.306815	0	0	0	0.0778423	-0.398845	1.44413e-08	0	0	0	0	-1.80625e-09	0
TA79S;	PAFA_6.pdb	-0.453836	0.0062207	-0.00807361	1.04879	0.338735	-1.04329	1.10353	-1.68106	-0.556248	-0.363256	0	0	0	0.700814	0.000880163	-1.33647e-07	0	0	0	0	-1.80592e-09	0
AA80G;	PAFA_7.pdb	2.19947	0.0206193	0	1.10642	0.00439016	-0.795763	1.91574	-0.0956123	-0.427142	0.47424	0	0	0	-0.00342246	-0.136894	0	0	0	0	0	0	0
AA80V;	PAFA_8.pdb	3.17411	0.022139	0	1.74567	0.00384181	-1.2881	2.94335	-0.0697011	-0.643161	0.471454	0	0	0	-0.0113811	-0.314141	0	0	0	0	0	0	0
IA81G;	PAFA_9.pdb	3.91333	0.00713193	-0.00401	-0.66376	-1.36876e-07	1.04021	-0.98767	-0.227796	0.170936	1.03847	0	0	0.304243	3.23552	0.0482904	-9.4871e-08	0	0	0	0	5.69243e-05	0
IA81V;	PAFA_10.pdb	-0.287022	0.576242	0.651122	1.54728	0.0150675	-2.33183	1.89007	-0.167513	-0.521094	-0.4712	0	0	0	-1.46871	-0.420522	-2.22045e-16	0	0	0	0	-0.00646271	0
GA82A;	PAFA_11.pdb	-0.19505	0.405469	0.122891	-0.375732	-0.000132683	-0.448199	-1.27758	1.66289	-0.0939522	0	0	0	0	-0.199236	0.115361	2.22045e-16	0	0	0	0	0.00852324	0
HA83G;	PAFA_12.pdb	2.00854	0.0935945	0.0132463	1.20493	-1.28002e-07	-1.10075	2.06014	-0.156776	-0.427142	0.371371	0	0	-4.44089e-16	-0.04501	-0.206592	-9.49147e-08	0	0	0	0	-0.00506829	0
HA83V;	PAFA_13.pdb	2.08341	0.148457	0.0156269	1.79825	-1.28045e-07	-2.41724	2.90245	-0.276693	-0.427142	0.384638	0	0	-4.44089e-16	-0.0326876	-0.308681	-9.49147e-08	0	0	0	0	-0.0122624	0
TA84G;	PAFA_14.pdb	-0.306075	-0.064328	-0.727343	0.631209	0.119008	-1.10951	1.12867	-0.303055	-0.00177104	0.0684	0	0	4.44089e-16	-0.000192821	0.0268636	0.00119029	0	0	0	0	-0.048347	0
SA85G;	PAFA_15.pdb	1.50549	0.0626715	0	0.569201	0.0085437	-0.538666	1.00188	-0.00840469	0	0.410271	0	0	0	-1.09264e-05	-0.134745	0	0	0	0	0	0	0
SA85V;	PAFA_16.pdb	4.04914	-0.0691569	0.763184	-0.758931	-0.0184032	0.497023	-1.60207	3.30596	0.427142	0.228514	0	0	-4.44089e-16	1.27817	0.0818715	-0.00229665	0	0	0	0	-4.51363e-09	0
IA86G;	PAFA_17.pdb	2.18838	0.210734	-6.1492e-07	2.32734	1.32937e-07	-1.8652	4.17841	-1.60076	-0.96105	-0.0690529	0	0	4.44089e-16	-0.0320355	-0.584237	9.27854e-08	0	0	0	0	4.51362e-09	0
IA86V;	PAFA_18.pdb	1.06404	-1.18234e-11	-0.0166443	0.578763	0	-0.417024	1.11481	0.128629	-0.533908	-0.101819	0	0	0	0.311237	-0.114761	2.22045e-16	0	0	0	0	0	0
FA87G;	PAFA_19.pdb	4.34213	6.76437e-11	0	-0.343001	0	0.423488	-0.746599	5.44904	0	-0.4408	0	0	0	6.63294e-08	-1.04308e-10	2.22045e-16	0	0	0	0	0	0
FA87V;	PAFA_20.pdb	4.19044	1.06699	2.23461	2.2908	1.86926	-4.20585	3.05235	-0.276394	-0.845706	-0.126739	0	0	-4.44089e-16	-0.000922366	-0.253906	-0.0758225	0	0	0	0	-0.79213	0
TA88G;	PAFA_21.pdb	1.30087	0.892812	1.02341	0.767922	1.90836	-2.93605	0.0942101	1.18028	-0.418582	-0.2888	0	0	0	-0.00409047	6.84395e-11	-0.0772872	0	0	0	0	-0.841325	0
TA88V;	PAFA_22.pdb	1.81862	0.151283	0.336451	1.16326	0	-1.34652	1.86609	-0.0768806	-0.521094	0.2508	0	0	0	-0.00477449	-0.112137	0	0	0	0	0	0	0
GA89A;	PAFA_23.pdb	1.77574	0.589013	1.53702	0.662026	0.015668	-0.848803	0.388319	-0.038984	-0.610642	0.2736	0	0	-4.44089e-16	-0.191481	-0.0413386	-9.39001e-08	0	0	0	0	-4.13841e-09	0
SA90G;	PAFA_24.pdb	3.62998	0.546855	1.26597	-0.644366	-0.0123669	0.235919	-2.1765	4.35668	-0.115582	0.0231479	0	0	-4.44089e-16	0.150219	0.161069	5.52193e-08	0	0	0	0	-4.13874e-09	0
SA90V;	PAFA_25.pdb	4.27047	0.183565	0.0391717	2.21674	5.10399e-07	-1.12522	4.1833	-0.0337505	-1.43765	0.2736	0	0	4.44089e-16	-0.0292822	-0.409647	9.39001e-08	0	0	0	0	4.13874e-09	0
VA91A;	PAFA_26.pdb	0.925544	0.0284257	0.00615395	0.550323	0	-0.238514	1.12389	-0.00241697	-0.584036	0.0228	0	0	0	0.0189149	-0.0160311	2.22045e-16	0	0	0	0	0	0
VA91G;	PAFA_27.pdb	5.16112	0.514512	0.0329397	2.84176	-0.267301	-1.63901	4.88792	-0.169857	-0.751746	0.144411	0	0	-4.44089e-16	-0.432499	-0.61782	-9.5084e-08	0	0	0	0	-4.13874e-09	0
PA92G;	PAFA_28.pdb	2.1484	0.410476	-0.103359	1.27589	-0.233306	-0.398061	2.01067	-0.130164	-0.324604	0.0691502	0	0	-4.44089e-16	-0.428287	-0.0631863	-9.5084e-08	0	0	0	0	-4.13874e-09	0
PA92V;	PAFA_29.pdb	1.63938	0.76163	0.847434	1.17562	0	-1.84985	1.4923	-0.0597974	-0.572884	-0.152	0	0	0	-0.00306778	-0.437986	0	0	0	0	0	0	0
SA93G;	PAFA_30.pdb	1.10651	0.604447	0.836003	-0.159912	0	-0.543674	-0.999565	1.45119	-0.0825653	0	0	0	0	0.000587071	0.00143266	0	0	0	0	0	0	0
SA93V;	PAFA_31.pdb	6.32883	-0.0270885	-3.72909e-06	-0.456157	-0.00469227	1.03444	-0.865338	5.58065	-0.0317849	1.0488	0	0	-4.44089e-16	0.0499946	0.0487978	-9.5084e-08	0	0	0	0	-4.13874e-09	0
IA94G;	PAFA_32.pdb	2.61814	1.04194	1.04408	0.893778	0	-1.06044	0.73595	-0.00475405	-0.623403	0.5928	0	0	0	-0.00181706	-0.307297	0	0	0	0	0	0	0
IA94V;	PAFA_33.pdb	4.96492	0.998624	0.935811	-0.684433	0	0.0716058	-2.28007	5.01503	-0.0623524	-0.2736	0	0	0	1.2443	0.186242	0	0	0	0	0	0	0
HA95G;	PAFA_34.pdb	2.40954	0.0530038	9.80237e-07	1.07732	0.0102079	-0.730387	2.04212	-0.0894996	-0.517782	0.56544	0	0	-4.44089e-16	-0.000875144	-0.154375	5.47405e-08	0	0	0	0	-4.13907e-09	0
HA95V;	PAFA_35.pdb	3.6252	0.13379	0.0330432	1.67396	0.000748146	-1.18699	3.00545	-0.00249162	-0.557841	0.55936	0	0	-4.44089e-16	-0.0338265	-0.315857	5.37647e-08	0	0	0	0	-4.1394e-09	0
GA96A;	PAFA_36.pdb	4.21923	0.122397	0	1.08966	0	0.00876874	2.27704	-0.70109	-0.253858	1.67746	0	0	0	-0.00114509	1.05873	0	0	0	0	0	0	0
IA97V;	PAFA_37.pdb	6.87242	-0.00836805	-0.0233423	-0.569192	4.86107e-07	1.80141	-0.70947	4.02414	0.17285	1.72466	0	0	4.44089e-16	0.45973	1.4186	9.50839e-08	0	0	0	0	4.1394e-09	0
AA98G;	PAFA_38.pdb	0.852634	0.546231	0.528137	0.65541	0	-0.855082	0.568952	-0.0386566	-0.569667	0.019878	0	0	0	-0.00256936	-0.342838	-2.22045e-16	0	0	0	0	0	0
AA98V;	PAFA_39.pdb	-0.727046	0.476636	0.535488	-0.567736	-0.00334435	0.339677	-1.4324	-0.0631264	-0.0329111	-0.0382448	0	0	-4.44089e-16	0.0589162	0.420307	-9.50838e-08	0	0	0	0	-4.1394e-09	0
GA99A;	PAFA_40.pdb	2.59112	0.0302612	0.0728415	1.45126	-0.000152025	-1.40878	2.50109	-0.00585383	-0.58937	0.535056	0	0	-4.44089e-16	0.00476989	-0.733086	-9.50838e-08	0	0	0	0	-4.1394e-09	0
GA99V;	PAFA_41.pdb	0.681318	1.0666e-06	3.71486e-07	0.529411	-0.000142143	-0.245621	1.10231	0.0001852	-0.341664	-0.3648	0	0	-4.44089e-16	0.00163399	-0.0969473	-9.50838e-08	0	0	0	0	-4.1394e-09	0
NA100A;	PAFA_42.pdb	2.03675	0.705147	1.14579	2.38567	4.38044e-05	-3.23928	2.75535	-0.277461	-0.886401	-0.388435	0	0	0	-0.00105534	-1.00153	-4.44089e-15	0	0	0	0	-0.162608	0
	PAFA_43.pdb	1.07992	0.329465	1.04232	0.399483	-0.000418925	-1.31418	-0.456865	1.55764	-0.385724	0.0566526	0	0	-4.44089e-16	0.0141559	0.0680159	-9.50838e-08	0	0	0	0	-0.162608	0
	PAFA_44.pdb	3.84125	-0.0781724	4.79314e-07	-0.557345	0.00553764	0.679869	-0.710122	3.30634	0.0182465	1.17004	0	0	-4.44089e-16	0.0068648	0.214426	-9.50836e-08	0	0	0	0	-4.1394e-09	0
	PAFA_45.pdb	0.636955	0.0632769	0.0198019	0.584506	-0.00780165	-0.462221	1.01088	-0.0290685	-0.552219	0.0431339	0	0	4.44089e-16	-0.0333342	-0.231728	9.50836e-08	0	0	0	0	4.1394e-09	0
	PAFA_46.pdb	0.826375	0	0.000948332	0.675445	-0.0049532	-0.752989	1.05574	0.00575338	0	-0.150436	0	0	0	-0.00313026	-0.280522	0	0	0	0	0	0	0
	PAFA_47.pdb	1.21054	0.090388	0.0732348	-1.33791	0.00459769	1.35604	-2.13005	1.783	0.427142	0.256734	0	0	-4.44089e-16	0.687357	0.369625	-9.50506e-08	0	0	0	0	-4.1394e-09	0
	PAFA_48.pdb	3.58557	0.210411	0.202908	-0.684818	-9.73402e-07	0.769615	-1.11599	3.28235	0.0565336	0.867572	0	0	-4.44089e-16	-0.00301539	0.169397	-9.50564e-08	0	0	0	0	-4.1394e-09	0
	PAFA_49.pdb	10.2095	0.359732	0.378696	-1.8366	-0.0163177	2.32769	-2.88422	9.33529	0.437002	1.3354	0	0	-4.44089e-16	0.772579	0.259709	0.000227841	0	0	0	0	-4.1394e-09	0
	PAFA_50.pdb	1.341	0.559407	1.82797	0.875082	0.0753314	-1.43097	0.605065	-0.0302489	-0.69055	-0.449564	0	0	-4.44089e-16	-0.000161208	-0.16379	-0.000349611	0	0	0	0	-4.1394e-09	0
