DA331F;	by the FoldX Consortium 
DA331G;	Jesper Borg, Frederic Rousseau, Joost Schymkowitz,
DA331H;	Luis Serrano and Francois Stricher
DA331K;	------------------------------------------------------
DA331A;	
DA331T;	PDB file analysed: batch
DA331S;	Output type: BuildModel
DA331R;	Pdb	total energy	Backbone Hbond	Sidechain Hbond	Van der Waals	Electrostatics	Solvation Polar	Solvation Hydrophobic	Van der Waals clashes	entropy sidechain	entropy mainchain	sloop_entropy	mloop_entropy	cis_bond	torsional clash	backbone clash	helix dipole	water bridge	disulfide	electrostatic kon	partial covalent bonds	energy Ionisation	Entropy Complex
DA331C;	PTEN_2018_1.pdb	5.48598	2.46625	2.47219	-0.781378	2.92581	-1.69735	-2.04425	1.86401	0.389141	-0.108229	0	0	0	-0.000211688	0.0677707	0	0	0	0	0	0	0
DA331Q;	PTEN_2018_2.pdb	5.99587	2.60578	2.47322	1.88253	2.15932	-4.44012	1.91563	-0.00773061	-0.628466	0.0362472	0	0	0	-0.000549452	-0.916248	0	0	0	0	0	0	0
DA331Y;	PTEN_2018_3.pdb	5.75693	3.27554	2.47274	-0.241426	1.63385	-1.18708	-0.61417	-0.0189895	0.401064	-0.0191876	0	0	0	-0.00597906	-0.28719	-0.00409672	0	0	0	0	0.0646733	0
DA331W;	PTEN_2018_4.pdb	5.10637	1.69543	1.38642	-0.113885	2.6598	-1.17661	-0.90071	0.00618237	1.82725	-0.375982	0	0	0	0.0966874	-0.0424891	0.00178034	0	0	0	0	-8.88178e-16	0
DA331V;	PTEN_2018_5.pdb	4.92458	2.549	2.48532	1.12187	2.06398	-3.29311	0.838276	-0.021098	-0.608074	-0.210186	0	0	0	-0.00140047	-0.463684	0	0	0	0	0	0	0
DA331I;	PTEN_2018_6.pdb	5.65857	1.855	1.85548	0.262333	1.86836	-1.71347	-0.0544794	-0.00140038	-0.0430718	0.652805	0	0	0	0.977022	-0.150223	0	0	0	0	0	0	0
KA332E;	PTEN_2018_7.pdb	5.72302	2.34362	2.3178	1.1104	2.1988	-3.20991	1.31539	-0.0086516	-0.0989045	-0.299248	0	0	0	0.0537211	-0.40838	-1.70752e-13	0	0	0	0	-8.88178e-16	0
KA332M;	PTEN_2018_8.pdb	5.2988	3.5036	2.62134	0.241643	1.50336	-1.97676	-0.12144	-0.906042	0.271966	0.109731	0	0	0	0.050741	-0.489192	0.000678251	0	0	0	0	-2.22045e-15	0
KA332N;	PTEN_2018_9.pdb	4.78159	2.31591	3.0177	1.00702	2.92835	-4.41442	0.426911	0.101271	-0.629122	0.0262615	0	0	0	0.00170342	-0.881066	1.26721e-12	0	0	0	0	-8.88178e-16	0
KA332Q;	PTEN_2018_10.pdb	4.62062	1.98932	1.93234	-0.155069	1.64573	-0.923363	-0.590545	0.118841	0.989747	-0.253013	0	0	0	-0.135057	0.059031	0.00168843	0	0	0	0	-1.33227e-15	0
KA332R;	PTEN_2018_11.pdb	5.72865	2.49857	2.50527	-0.80094	2.62845	-1.39593	-1.82188	1.79842	0.443774	-0.126637	0	0	0	-0.000448242	0.0995226	0	0	0	0	0	0	0
KA332Y;	PTEN_2018_12.pdb	6.7181	2.58985	1.8733	-0.589216	2.20321	-1.77029	-1.7103	3.04353	1.00528	0.102011	0	0	0	-0.0285745	0.0133675	-0.000701287	0	0	0	0	-1.77636e-15	0
KA332V;	PTEN_2018_13.pdb	5.02225	2.47905	2.49664	-0.0836058	1.91015	-1.62298	-0.974331	0.0251177	-0.127326	0.683309	0	0	0	0.23622	0.216244	0	0	0	0	0	0	0
KA332W;	PTEN_2018_14.pdb	4.47635	2.4522	2.48798	-0.525304	1.92921	-1.39328	-1.74987	0.0222687	0.261823	0.661602	0	0	0	0.32971	0.464573	0	0	0	0	0	0	0
AA333M;	PTEN_2018_15.pdb	0.596107	0.809377	0.846877	0.134972	0.254601	-0.536749	0.0516407	0.000989391	-0.866444	-0.0967775	0	0	0	-0.00238045	-5.68434e-14	-2.70894e-14	0	0	0	0	0	0
AA333W;	PTEN_2018_16.pdb	0.526094	0.829776	0.867276	-0.267859	0.123931	0.0187618	-0.326516	-0.054447	-0.688542	0.0236132	0	0	0	9.98887e-05	0.317909	0	0	0	0	0	0	0
AA333T;	PTEN_2018_17.pdb	0.509234	0.356606	0.319106	0.338247	0.0561213	-0.659253	0.313097	-0.000501195	-0.427735	0.212266	0	0	0	0.00406623	-0.194602	-0.00278595	0	0	0	0	-1.33227e-15	0
AA333N;	PTEN_2018_18.pdb	0.170587	-0.0385314	-0.00103138	0.362424	0.145042	-0.578336	0.455196	-0.0100119	-0.0836069	-0.080503	0	0	0	-5.43158e-05	-0.134715	0	0	0	0	0	0	0
AA333Y;	PTEN_2018_19.pdb	-0.191199	-0.0921462	-1.61865	-0.521059	0.0609745	0.641825	-0.368246	-0.00115425	1.60214	-0.0207713	0	0	0	0.121558	0.296396	0.00433096	0	0	0	0	-1.33227e-15	0
AA333C;	PTEN_2018_20.pdb	0.686337	0.80982	0.871358	-0.0374099	0.0792553	-0.342791	-0.173327	-0.00291759	-0.917403	0.391366	0	0	0	0.00821399	0.17142	0.000171339	0	0	0	0	-1.33227e-15	0
AA333D;	PTEN_2018_21.pdb	0.778059	0.841496	0.878997	0.148246	0.124497	-0.545138	0.130433	0.00914686	-0.936438	0.0989308	0	0	0	0.0278882	0.0500438	1.108e-13	0	0	0	0	1.33227e-15	0
AA333E;	PTEN_2018_22.pdb	0.396999	0.407128	0.368441	-0.236053	0.00675507	-0.118583	-0.457669	-0.00204202	-0.0625428	0.494082	0	0	0	-0.000172818	-0.127116	-0.00234402	0	0	0	0	-1.33227e-15	0
AA333G;	PTEN_2018_23.pdb	-0.125237	-0.0301689	-0.092738	-1.1901	-0.0994606	1.47332	-1.45329	0.023048	0.980081	0.139593	0	0	0	0.124491	0.776756	0	0	0	0	0	0	0
AA333H;	PTEN_2018_24.pdb	-1.26353	0.517514	0.522265	-1.42184	-1.8236	1.43532	-1.87982	0.0161901	0.855254	0.502105	0	0	0	0.0130678	0.681796	-8.52207e-13	0	0	0	0	-1.33227e-15	0
AA333I;	PTEN_2018_25.pdb	0.0323936	2.21395e-06	-2.37768	-0.389475	-0.400283	1.37944	-0.0648057	0.0543697	1.57478	0.265442	0	0	0	-0.00939395	0.355442	2.41338e-10	0	0	0	0	-1.33227e-15	0
NA334I;	PTEN_2018_26.pdb	-0.00139414	0	1.42109e-14	-0.0668426	0.00570572	0.140591	-0.0385758	-0.00366008	0.0595048	-0.100425	0	0	0	0.00230781	0.124891	0	0	0	0	0	0	0
NA334R;	PTEN_2018_27.pdb	-0.950045	0.184185	0.193615	-0.878961	-2.20593	1.34437	-0.8382	0.0129909	1.05066	0.134496	0	0	0	0.050245	0.503289	0.00247676	0	0	0	0	-1.33227e-15	0
NA334C;	PTEN_2018_28.pdb	-0.0509425	0	-0.292755	-0.467963	-0.0383928	0.453103	-0.487968	0.0285844	0.570226	0.138049	0	0	0	0.0461739	0.23581	0	0	0	0	0	0	0
NA334V;	PTEN_2018_29.pdb	-0.218574	-5.68434e-14	1.42109e-14	-0.0665276	-0.16515	0.134864	-0.0311532	-0.00366008	0.08584	-0.172576	0	0	0	-0.000210346	0.114945	0	0	0	0	0	0	0
NA334W;	PTEN_2018_30.pdb	-0.135816	0	2.84217e-14	-0.0702786	-0.379905	0.138847	-0.0243187	-0.00366008	0.212984	-0.00927433	0	0	0	-0.000210346	-0.0312645	0	0	0	0	0	0	0
NA334K;	PTEN_2018_31.pdb	0.210365	0	0	0.248891	0.0244239	-0.276383	0.384952	-0.00765032	-0.102745	-0.0606895	0	0	0	-0.000435512	-0.198086	0	0	0	0	0	0	0
NA334F;	PTEN_2018_32.pdb	0.289101	0	0.00796742	-0.0172911	0.00841659	0.0605889	0.0176924	-0.00366008	0.0287761	0.137996	0	0	0	-0.000167505	-0.00576705	0	0	0	0	0	0.0487825	0
RA335H;	PTEN_2018_33.pdb	0.169139	-0.0234524	-0.0502297	-0.794302	-0.0668079	0.980693	-1.04026	0.0253753	0.516563	0.355593	0	0	0	0.265971	0.593603	0	0	0	0	0	0	0
RA335Q;	PTEN_2018_34.pdb	2.09722	-0.0423427	1.07374	-0.580706	-0.130445	0.113536	-1.37306	0.19381	-0.0867627	1.87525	0	0	0	1.0542	0.239132	2.41119e-10	0	0	0	0	-1.77636e-15	0
RA335Y;	PTEN_2018_35.pdb	-0.151779	-0.839911	0.317758	-0.461801	-0.0577145	0.306174	-0.65232	0.0231268	0.767023	0.345997	0	0	0	0.0998885	0.277732	2.41119e-10	0	0	0	0	-1.77636e-15	0
RA335S;	PTEN_2018_36.pdb	0.982597	-0.0772361	0.976373	0.132562	-0.074351	-0.566638	0.0817402	0.00617235	-0.126481	0.628826	0	0	0	0.0016288	-0.0444506	2.41119e-10	0	0	0	0	-1.77636e-15	0
YA336C;	PTEN_2018_37.pdb	2.16645	-0.0343857	1.13814	-0.288481	-0.153378	-0.0761402	-0.831174	0.247275	-0.180098	1.31568	0	0	0	1.02902	0.215258	2.41119e-10	0	0	0	0	-1.77636e-15	0
YA336K;	PTEN_2018_38.pdb	0.616789	0.00898154	0.870904	-0.745527	0.0507226	0.941121	-1.2206	0.0592657	-0.392684	1.04041	0	0	0	0.00419542	0.150613	2.41119e-10	0	0	0	0	-1.77636e-15	0
YA336N;	PTEN_2018_39.pdb	-0.222344	-0.722881	0.254824	-0.214434	-0.0573402	0.256831	-0.596765	0.00405732	0.707197	0.14616	0	0	0	7.31237e-06	0.150237	2.41119e-10	0	0	0	0	-1.77636e-15	0
FA337H;	PTEN_2018_40.pdb	0.356321	0.0755699	1.24826	-0.683045	0.160382	0.245513	-1.31232	0.0473131	-0.281716	0.848315	0	0	0	0.00804466	0.10312	2.41119e-10	0	0	0	0	-1.77636e-15	0
FA337I;	PTEN_2018_41.pdb	1.28865	-0.00689534	-1.23414	0.390896	1.04328	-0.123775	0.679443	-0.189745	0.437121	0.242029	0	0	0	0.00164637	-0.0773777	0	0	0	0	0	0.0487825	0
FA337A;	PTEN_2018_42.pdb	0.109781	0.00851739	-0.930012	0.441472	0.902284	-0.738364	0.38621	-0.00699817	0.126318	-0.0793725	0	0	0	-0.000274949	-0.20122	0	0	0	0	0	0	0
	PTEN_2018_43.pdb	1.34716	0.00120005	0.0583281	0.344995	1.8194	-0.496864	0.276766	-0.197932	-0.285152	0.215954	0	0	0	-0.389535	-0.0525096	0	0	0	0	0	0	0
	PTEN_2018_44.pdb	0.740596	-0.245155	-1.0896	0.720289	0.795135	-0.617219	1.16898	-0.103015	0.14095	-0.0735314	0	0	0	0.0437633	-0.26482	-2.41117e-10	0	0	0	0	1.77636e-15	0
	PTEN_2018_45.pdb	3.1626	-3.9023e-11	0.0077484	0.668023	1.84471	-0.51261	1.14444	-0.00549839	-0.380803	0.427285	0	0	0	-0.0306958	-0.200852	0	0	0	0	0	0	0
	PTEN_2018_46.pdb	1.21121	-2.23963e-11	-0.0676642	0.252156	1.56606	-0.198947	0.311345	-0.0176195	-0.187992	-0.438816	0	0	0	-0.00730743	-0.101489	0	0	0	0	0	0	0
	PTEN_2018_47.pdb	1.86845	-3.58114e-11	-1.2822	0.426069	1.82478	0.225863	0.971496	-0.00547876	-0.15302	-0.123469	0	0	0	-0.0155835	-0.112077	0	0	0	0	0	0	0
	PTEN_2018_48.pdb	1.52388	0.01212	-1.26748	0.2815	-0.407803	1.3155	1.23056	0.0133443	0.091507	0.101672	0	0	0	-0.000600175	-0.107836	0	0	0	0	0	0.153563	0
	PTEN_2018_49.pdb	3.97261	0.015086	0.000742655	0.575289	-0.445858	-0.041051	0.613795	3.29819	0.145176	-0.194809	0	0	0	0.00605159	-0.26365	-1.07536e-12	0	0	0	0	-2.66454e-15	0
	PTEN_2018_50.pdb	4.76371	0.137131	0.0742495	2.33468	-0.370004	-0.949943	3.91333	-0.0355264	-0.85411	0.514059	0	0	0	-0.000159373	-0.356397	0	0	0	0	0	0	0
