EA51G;	by the FoldX Consortium 
EA51K;	Jesper Borg, Frederic Rousseau, Joost Schymkowitz,
EA51Q;	Luis Serrano and Francois Stricher
EA51V;	------------------------------------------------------
EA52A;	
EA52D;	PDB file analysed: batch
EA52G;	Output type: BuildModel
EA52K;	Pdb	total energy	Backbone Hbond	Sidechain Hbond	Van der Waals	Electrostatics	Solvation Polar	Solvation Hydrophobic	Van der Waals clashes	entropy sidechain	entropy mainchain	sloop_entropy	mloop_entropy	cis_bond	torsional clash	backbone clash	helix dipole	water bridge	disulfide	electrostatic kon	partial covalent bonds	energy Ionisation	Entropy Complex
EA52V;	OTC_1.pdb	1.39701	0.136957	-0.000415643	0.457991	0.462786	-0.529916	0.68429	-0.00991228	-0.206761	0.351519	0	0	0	-0.00240979	-0.319816	0.0528838	0	0	0	0	0	0
EA72A;	OTC_2.pdb	0.441899	-0.0190453	0.869843	-0.124348	0.0347385	-0.00258894	-0.265931	0.00266381	-0.322794	0.116212	0	0	0	-0.000194347	0.0312008	0.153342	0	0	0	0	0	0
EA72D;	OTC_3.pdb	0.305519	0.233086	0.234884	-0.0595922	0.0374889	-0.0743197	-0.0934481	-0.0230624	-0.246252	0.0683999	0	0	0	0.00574119	0.00604645	0.222594	0	0	0	0	0	0
EA72G;	OTC_4.pdb	0.70768	0.820067	0.829357	0.0855225	-0.0486382	-0.220359	-0.0303246	0.0247595	-1.0633	0.0993967	0	0	0	0.00474728	-0.127645	0.206447	0	0	0	0	0	0
EA72K;	OTC_5.pdb	3.414	1.42309	1.01795	1.58522	2.34153	-2.96433	1.60895	0.264227	-1.62717	-0.271666	0	0	0	-0.020112	-0.267497	0.0563285	0	0	0	0	0	0
EA72Q;	OTC_6.pdb	2.65094	0.526798	0.356081	0.764706	1.93072	-0.776067	0.981227	-0.117215	-1.1324	0.0131485	0	0	0	0.21832	0.0389829	-0.114383	0	0	0	0	0	0
EA72V;	OTC_7.pdb	4.85398	1.58109	1.14504	2.06464	2.40798	-3.43549	2.48491	-0.0112891	-1.64837	0.293474	0	0	0	-0.08417	-0.535302	0.056163	0	0	0	0	0	0
EA87A;	OTC_8.pdb	3.91128	1.40547	1.299	-0.0404022	2.7174	-1.00782	-0.660471	0.112064	-0.199139	0.245533	0	0	0	-0.0440822	0.0219208	0.0837172	0	0	0	0	0	0
EA87D;	OTC_9.pdb	4.32156	1.35391	1.16026	0.171649	3.10739	-2.36719	-0.821279	2.48026	-0.903978	0.0904034	0	0	0	-0.00463845	0.0473418	0.0547671	0	0	0	0	0	0
EA87K;	OTC_10.pdb	2.7654	0.000492882	3.27183	0.739196	1.31992	-1.47349	0.856736	0.00079684	-1.76845	-0.156189	0	0	0	-0.00607759	-0.00590277	-0.0193614	0	0	0	0	0	0
EA87Q;	OTC_11.pdb	3.37041	-0.476453	4.29744	0.86227	0.960881	-1.19694	0.993919	-0.642182	-1.43267	0.0196199	0	0	0	-0.0192679	-0.0201636	0.0037966	0	0	0	0	0	0
EA87V;	OTC_12.pdb	3.98825	0.02709	3.37284	1.48381	1.61998	-2.62272	1.98088	0.000868645	-1.99446	0.137582	0	0	0	-0.000411752	-0.0462464	-0.0172046	0	0	0	0	0	0
EA98A;	OTC_13.pdb	0.328074	-0.717911	0.551148	0.396997	1.71354	-1.07796	0.26091	0.000411529	-1.04086	0.278136	0	0	0	-0.00500659	0.06535	-0.0313393	0	0	0	0	0	0
EA98G;	OTC_14.pdb	0.129579	0	-0.854246	-0.0775096	1.12636	-0.486692	-0.183761	-0.00923888	0.431342	0.19506	0	0	0	0.00112155	0.0496529	-0.012854	0	0	0	0	0	0
EA98K;	OTC_15.pdb	1.55838	2.84217e-14	1.78272	0.0274256	1.38176	-0.79382	-0.367239	0.334982	-1.02683	0.110102	0	0	0	0.122457	0.0954346	-0.013169	0	0	0	0	0	0
EA98Q;	OTC_16.pdb	0.390885	0.877904	0.832814	0.865678	-0.0484883	-1.54226	1.19285	-0.00310522	-1.49785	-0.263479	0	0	0	-0.044245	-0.145266	0.0210653	0	0	0	0	0	0
EA98V;	OTC_17.pdb	0.0768249	0.87885	-0.73036	0.626539	-0.0916068	-0.67993	1.03497	0.000778008	-0.549438	-0.339892	0	0	0	-0.0814313	-0.0866176	0.00834696	0	0	0	0	0	0
FA101C;	OTC_18.pdb	-0.572431	0.884231	0.651326	-0.117244	-0.495014	-0.348206	-0.389159	0.0271983	-0.526917	-0.269366	0	0	0	-0.0286514	0.0242708	0.0393716	0	0	0	0	0	0
FA101I;	OTC_19.pdb	-0.200288	0.226091	0.223043	-0.0154699	-0.0724658	-0.431925	0.0553545	0.00634752	-0.180025	0.0599251	0	0	0	-0.0929734	0.00537673	0.02181	0	0	0	0	0	0
FA101L;	OTC_20.pdb	0.248686	0.794449	0.791384	-0.209161	-0.00179088	-0.571018	-0.69305	0.399633	-0.868269	0.138279	0	0	0	0.445438	0.021756	0.022792	0	0	0	0	0	0
FA101S;	OTC_21.pdb	0.264455	0.0793304	0	0.512819	0.252717	-0.636742	0.742604	-0.00290853	-0.5539	-0.114	0	0	0	-0.00596387	-0.135722	-0.00950163	0	0	0	0	0	0
FA101V;	OTC_22.pdb	1.51464	0.136173	0.198954	1.14511	0.289611	-1.25326	1.67509	-0.000614396	-0.972914	0.3116	0	0	0	-0.00486802	-0.535254	-0.0102489	0	0	0	0	0	0
FA101Y;	OTC_23.pdb	-0.563159	-0.0580337	-3.38865e-06	-0.095551	0.436586	-0.461396	-0.408455	0.00763324	-0.0380572	0.0912	0	0	0	-0.0216833	0.0502047	-0.0153991	0	0	0	0	0	0
FA110C;	OTC_24.pdb	0.185626	-0.0321671	-3.4141e-06	-0.0771455	0.336628	-0.104076	-0.079354	0.000520263	0.0378183	0.114	0	0	0	-0.000566391	0.0373503	-0.0100282	0	0	0	0	0	0
FA110I;	OTC_25.pdb	-0.551828	-0.0281321	0.225656	0.54939	2.06458	-2.17277	0.196886	0.00243915	-1.47187	0.0560276	0	0	0	0.0300486	0.0797236	-0.00408559	0	0	0	0	0	0
FA110L;	OTC_26.pdb	4.36035	-0.351015	-0.520569	2.13528	-0.034661	-1.11557	3.70714	-0.00573019	0.279574	0.0790507	0	0	0	-0.0014504	-0.108917	-0.0161094	0	0	0	0	0.2044	0
FA110V;	OTC_27.pdb	2.42046	0.0588283	0	1.12125	0.0169924	-0.867778	1.17903	0.240775	0.232965	-0.2432	0	0	0	0.681606	0.0619309	0	0	0	0	0	0	0
FA211L;	OTC_28.pdb	1.51522	0.0263647	0	0.950999	0.0178062	-0.59189	0.968397	0.254805	0.20817	-0.3192	0	0	0	-0.000236557	0.142486	0	0	0	0	0	0	0
FA211S;	OTC_29.pdb	5.00491	-0.163931	-0.66957	2.33208	0.0169379	-0.349932	4.45358	0.07292	-0.443635	-0.2432	0	0	0	-0.000337003	-0.109954	0	0	0	0	0	0	0
FA211V;	OTC_30.pdb	2.38948	-0.528143	-0.582355	1.77288	0.0156067	-0.933794	2.55602	0.195194	0.0184103	-0.284159	0	0	0	-0.0279978	0.107827	-0.016588	0	0	0	0	0.2044	0
FA211Y;	OTC_31.pdb	1.2039	-0.0138617	0	-0.0878978	0.013726	0.875291	0.226262	0.0037762	0.186172	0	0	0	0	0.000433387	0.0174061	0	0	0	0	0	0	0
FA281C;	OTC_32.pdb	2.05762	0.0965422	0	1.03548	-0.129472	-0.685738	1.73216	-0.00657725	0.00826877	0.00694549	0	0	0	0	2.84217e-14	0	0	0	0	0	0	0
FA281I;	OTC_33.pdb	1.88498	-1.44179	-1.41308	-0.166422	2.15707	0.80107	-0.0197591	0.0524611	0.985114	0.485497	0	0	0	0.441429	0.269303	0.00338877	0	0	0	0	0	0
FA281L;	OTC_34.pdb	0.412088	-0.0617451	0	0.0533899	0.524166	0.0428781	-0.310405	-0.0459517	-0.0474819	0.067874	0	0	0	0.189364	0	0	0	0	0	0	0	0
FA281S;	OTC_35.pdb	1.25074	0.0845438	-4.43333	0.146698	0.834346	0.946539	0.58065	1.07631	1.86486	0.031656	0	0	0	0.124239	0.0207372	-0.00577489	0	0	0	0	0	0
FA281V;	OTC_36.pdb	2.1629	1.28824	1.07759	0.784404	-0.590818	-1.37128	0.874178	-0.510371	1.27277	-0.535116	0	0	0	-0.107223	0.0575989	-0.0194748	0	0	0	0	0	0
FA281Y;	OTC_37.pdb	5.53254	0.105018	0.0249069	2.36372	-0.408234	-0.46886	4.67779	-0.104371	-0.388867	-0.266	0	0	0	-0.00256217	-0.242763	0	0	0	0	0	0	0
FA300C;	OTC_38.pdb	4.3964	0.0786299	1.21921	1.21265	-0.544606	-0.210516	2.01213	-0.219607	-0.310356	0.0076	0	0	0	1.15127	0.266031	0	0	0	0	0	0	0
FA300I;	OTC_39.pdb	1.02658	0.00432019	3.70775e-06	-0.187192	0.0291643	0.949272	0.193644	-0.0649441	0.112732	-0.0165284	0	0	0	0.00610719	-0.0753653	-1.63988e-07	0	0	0	0	0	0
FA300L;	OTC_40.pdb	3.88347	0.181861	-0.00302298	2.19582	-1.77384	-1.17406	3.81287	0.344846	0.0804354	0.199267	0	0	0	0.0192995	-0.464766	-1.63988e-07	0	0	0	0	0	0
FA300S;	OTC_41.pdb	6.98103	-0.00653647	3.70775e-06	0.827446	-1.2282	-0.319392	0.821049	5.91118	0.4254	0.440649	0	0	0	0.109434	0.229056	-1.63988e-07	0	0	0	0	0	0
FA300V;	OTC_42.pdb	1.89066	0.033724	3.70775e-06	0.702433	-0.469834	-0.279289	0.700955	1.12802	0.229738	-0.151668	0	0	0	-0.00342354	0.16716	-1.63988e-07	0	0	0	0	0	0
	OTC_43.pdb	4.52442	0.304579	-0.470415	2.62588	-0.221048	-1.01852	4.62837	-0.458909	-0.573021	-0.271811	0	0	0	-0.0178933	-0.443076	-0.00278374	0	0	0	0	0	0
	OTC_44.pdb	4.80573	0.07031	3.70775e-06	1.51595	-0.214244	-0.949197	1.9865	2.29613	-0.215255	0.277726	0	0	0	0.0378103	0.179364	-1.63989e-07	0	0	0	0	0	0
	OTC_45.pdb	2.00724	0.386994	-0.736537	-0.292295	0.0943055	1.16699	0.204321	0.777741	0.112641	-0.180994	0	0	0	0.474882	0.135145	-0.000805615	0	0	0	0	0	0
	OTC_46.pdb	4.36645	0.250553	0	1.76539	-0.0421244	-0.939408	3.17971	-0.0465759	-0.0256387	0.2052	0	0	0	-4.09612e-05	-0.0538502	0.0193875	0	0	0	0	0	0
	OTC_47.pdb	3.98415	0.0360149	0	0.763288	-0.042288	-0.481427	0.7826	2.75417	0.205836	-0.2128	0	0	0	0.159328	0.0110345	0.0194234	0	0	0	0	0	0
	OTC_48.pdb	1.62676	0.0700834	3.70775e-06	0.581103	-0.0396233	0.00984664	0.654512	0.0670393	0.211655	0.0256362	0	0	0	0.0274178	0.159925	0.0190829	0	0	0	0	-2.22045e-16	0
	OTC_49.pdb	6.23883	0.368068	-3.70775e-06	2.36098	-0.0604272	-0.545562	4.38352	-0.0115917	-0.412323	0.1368	0	0	0	-0.0166724	-0.070196	0.036039	0	0	0	0	2.22045e-16	0
	OTC_50.pdb	3.79205	0.035518	-3.70775e-06	1.27432	-0.0612346	-0.518932	1.91971	1.76784	-0.323454	-0.342	0	0	0	0.00378123	0.0188167	0.0364913	0	0	0	0	2.22045e-16	0
