DA26A;	by the FoldX Consortium 
DA26R;	Jesper Borg, Frederic Rousseau, Joost Schymkowitz,
GA27R;	Luis Serrano and Francois Stricher
GA27V;	------------------------------------------------------
GA27T;	
GA27S;	PDB file analysed: batch
GA27K;	Output type: BuildModel
GA27A;	Pdb	total energy	Backbone Hbond	Sidechain Hbond	Van der Waals	Electrostatics	Solvation Polar	Solvation Hydrophobic	Van der Waals clashes	entropy sidechain	entropy mainchain	sloop_entropy	mloop_entropy	cis_bond	torsional clash	backbone clash	helix dipole	water bridge	disulfide	electrostatic kon	partial covalent bonds	energy Ionisation	Entropy Complex
GA27C;	LGK_1.pdb	-0.139971	0.786042	0.783928	0.306473	-0.526449	-0.896768	0.205265	-0.00636173	-0.508378	-0.298327	0	0	0	0	-0.186512	0.0146034	0	0	0	0	-2.22045e-16	0
GA27D;	LGK_2.pdb	-3.49421	0.702644	-3.47454	-1.19343	-2.07315	1.34683	-1.06617	0.0630203	1.78613	0.30411	0	0	0	0.0826847	0.295045	0.0276593	0	0	0	0	9.80101e-09	0
GA27E;	LGK_3.pdb	0.149123	-0.803301	-0.598863	-1.95311	-1.72129	3.34051	-2.30561	0.216005	1.78966	1.8285	0	0	0	0.344753	0.222562	0.0118799	0	0	0	0	4.44089e-16	0
GA27F;	LGK_4.pdb	1.13863	-0.20597	0	-1.41483	0.0662882	1.56213	-2.1396	1.06093	0.643285	1.08822	0	0	0	0.478183	0.187193	0	0	0	0	0	0	0
GA27H;	LGK_5.pdb	1.73447	-0.161564	2.84358e-06	-1.13252	0.0356773	1.82955	-1.36587	1.14762	0.412238	0.8208	0	0	0	0.148546	0.151705	1.22069e-07	0	0	0	0	-4.44089e-16	0
GA27Q;	LGK_6.pdb	0.615565	-0.155383	-0.282328	-0.260095	0.0994091	0.563145	0.0438673	0.130311	0.245073	0.280544	0	0	0	-0.046869	0.107218	-0.00211003	0	0	0	0	4.44089e-16	0
GA27P;	LGK_7.pdb	0.482996	-0.775881	-0.569656	-1.81674	-0.86136	3.00918	-2.45463	0.175228	1.76333	1.8251	0	0	0	0.184601	0.213943	0.00382285	0	0	0	0	4.44089e-16	0
GA27N;	LGK_8.pdb	0.412155	-0.583377	-0.535788	-0.596199	-0.0041209	0.681164	-0.855079	0.26373	0.574121	1.41659	0	0	0	0.0511636	0.0572473	-5.0236e-05	0	0	0	0	4.44089e-16	0
GA27M;	LGK_9.pdb	-0.178662	-0.167412	-0.241864	-1.05134	0.0718218	1.12421	-1.28101	0.142066	0.707107	0.471999	0	0	0	0.0457567	0.112659	0	0	0	0	0	0	0
GA27L;	LGK_10.pdb	2.51199	-0.137792	0	-0.997809	1.4405	2.32857	-1.15121	0.134183	0.361134	0.275417	0	0	0	0.27048	0.0986848	-0.0114938	0	0	0	0	0	0
GA27W;	LGK_11.pdb	3.053	-0.698235	-0.552634	-1.49983	0.900897	2.78701	-1.80215	0.153345	1.35555	1.97911	0	0	0	0.435641	0.259903	-0.00569436	0	0	0	0	4.44089e-16	0
GA27Y;	LGK_12.pdb	0.213204	-0.209405	0	-1.90046	-0.837005	2.50423	-2.68035	0.836114	0.9751	1.35597	0	0	0	0.169006	0.27724	0	0	0	0	0	0	0
GA27I;	LGK_13.pdb	0.147532	-0.221172	1.22524e-06	-1.87547	-1.84609	3.96417	-2.16714	0.171358	1.08607	0.553658	0	0	0	0.0871113	0.216247	0.0130908	0	0	0	0	0.381936	0
IA28S;	LGK_14.pdb	1.188	-0.190185	-0.63464	-1.57913	0.143472	2.65122	-1.96518	0.188227	1.52485	0.846823	0	0	0	0.202548	0.192465	0	0	0	0	0	0	0
IA28F;	LGK_15.pdb	1.65561	-0.148385	0	-0.871237	0.0921752	0.984931	-1.28352	1.33311	0.442202	1.10634	0	0	0	0	-0.556645	0	0	0	0	0	0	0
IA28N;	LGK_16.pdb	0.00223237	-0.255993	-1.12939	-1.4102	0.118564	2.46287	-1.39842	0.531252	0.828099	0.211101	0	0	0	0.0443511	0.136096	0	0	0	0	0	0	0
IA28P;	LGK_17.pdb	0.292749	-0.191383	0	-1.80143	0.0896416	2.27916	-2.63847	0.18738	1.30414	0.922173	0	0	0	0.141539	0.301528	0	0	0	0	0	0	0
IA28M;	LGK_18.pdb	-0.398116	-0.219097	0	-1.88302	-0.00034934	1.86567	-3.0511	1.00297	0.947641	0.923643	0	0	0	0.0155188	0.144044	0	0	0	0	0	0	0
IA28Q;	LGK_19.pdb	-0.232375	-0.187586	0	-1.92132	-1.21623	2.8226	-2.68737	0.666234	1.32151	0.966695	0	0	0	0.00308167	0.140709	0	0	0	0	0	0	0
IA28R;	LGK_20.pdb	1.06398	-0.158079	-1.18065e-06	-1.49014	-0.964777	2.22204	-2.03449	1.05062	0.792886	1.46109	0	0	0	0.1852	0.287079	-0.000369659	0	0	0	0	1.77636e-15	0
IA28A;	LGK_21.pdb	1.94621	-0.271898	0	-2.02303	0.161653	2.31789	-3.14913	1.85985	0.92495	1.42274	0	0	0	0.703188	0.318424	0	0	0	0	0	0	0
IA28C;	LGK_22.pdb	5.40538	0.294948	0	2.05956	0	-0.53017	4.29498	-0.00189695	-0.860964	0.148921	0	0	0	-3.14757e-06	-0.203738	0	0	0	0	0	-2.22045e-16	0
IA28L;	LGK_23.pdb	1.10796	0.426794	0.233277	-0.323693	-1.21899	-0.353464	-0.0886127	1.98207	-0.252065	0.245111	0	0	0	0.656046	0.0841209	-0.0461241	0	0	0	0	-0.152392	0
IA28H;	LGK_24.pdb	3.34115	0.185443	-1.26472	0.953256	0	0.747037	2.80593	0.224297	-0.310888	-0.279101	0	0	0	0.279899	-0.109849	0	0	0	0	0	-2.22045e-16	0
IA28G;	LGK_25.pdb	5.45539	1.73761	0.215948	0.768455	0.220485	-0.754577	1.84109	1.40066	-0.821082	1.0237	0	0	0	-0.00015635	-0.00946102	-0.0461241	0	0	0	0	-0.130619	0
IA28D;	LGK_26.pdb	0.844128	-0.0463232	0	-0.198892	0	0.0359661	0.0264148	-0.00110277	0.710776	0.317287	0	0	0	1.54042e-06	0.10734	0	0	0	0	0	-2.22045e-16	0
IA28E;	LGK_27.pdb	3.65694	0.0705889	-0.0199658	0.318638	-0.0109474	1.0063	1.6492	-0.00390967	0.488757	0.158749	0	0	0	2.17691e-05	0.0783304	-0.000490358	0	0	0	0	-3.10862e-15	0
IA28T;	LGK_28.pdb	3.99038	-0.257697	-0.284897	-0.862703	-0.407944	2.30858	0.766607	1.50487	0.838811	0.428229	0	0	0	0.133866	0.116138	-0.0324601	0	0	0	0	-0.144885	0
IA28V;	LGK_29.pdb	4.17616	0.593126	0.215948	1.50129	0.211124	-0.809883	3.23786	0.00718949	-1.09579	0.494978	0	0	0	-0.000156785	-0.194089	-0.0461241	0	0	0	0	-0.133406	0
IA28W;	LGK_30.pdb	2.76831	0.192931	-1.263	1.50134	0	-0.967356	3.11732	0.240976	-0.262633	0.208731	0	0	0	-2.43026e-06	-0.152256	0	0	0	0	0	-2.22045e-16	0
IA28Y;	LGK_31.pdb	0.768973	0.0382899	-0.0141057	0.258221	0	-0.201941	0.477827	0.0177122	-0.0323422	0.225311	0	0	0	-5.83091e-08	0.0415975	0	0	0	0	0	2.22045e-16	0
IA28K;	LGK_32.pdb	2.93241	0.426176	0.219088	-0.0201842	0.167987	1.10754	1.16375	0.0598321	-0.154379	0.00139995	0	0	0	0.014727	0.0452293	-0.0461241	0	0	0	0	-0.00739429	0
DA29F;	LGK_33.pdb	5.8219	0.347127	-1.17415e-06	2.86399	0.0175289	-1.75406	5.02872	-0.00441612	-1.26152	0.584558	0	0	0	-1.35217e-05	-0.247832	-1.14011e-07	0	0	0	0	2.66454e-15	0
DA29G;	LGK_34.pdb	4.48416	-0.16758	-0.337566	1.1423	-0.145479	1.72808	3.03232	0.194678	-0.710126	-0.403858	0	0	0	0.161901	-0.118121	-0.0105105	0	0	0	0	-2.22045e-16	0
DA29E;	LGK_35.pdb	4.8181	0.159865	0	0.64635	-0.239827	1.79121	1.95176	0.00288663	0.167472	0.263693	0	0	0	0.0866962	0.0588624	-0.012011	0	0	0	0	2.22045e-16	0
DA29K;	LGK_36.pdb	3.18953	1.08083	-0.348461	0.312173	0.211124	0.758202	1.68773	0.0752143	-0.534308	0.0627312	0	0	0	0.0342274	-0.154521	-0.0461241	0	0	0	0	-0.103811	0
DA29A;	LGK_37.pdb	0.815144	0.314376	0.215948	0.0774999	0.211124	-0.0252985	0.714536	0.000316915	-0.626718	0.100675	0	0	0	-0.000155035	-0.185005	-0.0461241	0	0	0	0	-0.121037	0
DA29H;	LGK_38.pdb	1.54999	0.687668	0.651515	-0.990226	0.183342	0.928016	-1.46986	1.50349	-0.45959	0.3876	0	0	0	0.138613	0.398239	-1.14011e-07	0	0	0	0	-0.0105754	0
DA29C;	LGK_39.pdb	3.4817	0.163604	-0.00304918	-0.144119	-1.68928	0.551959	0.453595	3.48448	-0.10789	0.193536	0	0	0	0.542079	0.207122	-1.14011e-07	0	0	0	0	0.0367928	0
DA29I;	LGK_40.pdb	2.01819	-0.904997	-0.879	-0.169714	-0.326114	2.66693	0.641118	0.0337858	0.902965	0.043081	0	0	0	1.62385e-06	0.0947632	0.0101364	0	0	0	0	0	0
DA29Y;	LGK_41.pdb	-2.16065	-0.967722	0.32959	-1.34993	-1.0381	1.18797	-2.00298	-0.0424437	1.32396	0.180037	0	0	0	-0.00732295	0.234746	0.078698	0	0	0	0	0.147593	0
DA29L;	LGK_42.pdb	0.248434	-0.226037	0.747653	0.76529	-0.437875	-1.89431	0.899516	-0.071683	0.0632972	0.374036	0	0	0	-0.00723409	0.187895	0.0350655	0	0	0	0	0.000720092	0
	LGK_43.pdb	-0.281875	0.00655119	-0.26517	-0.275229	0.00970792	-0.0127897	-0.518719	1.62253e-09	0.78659	0.0103287	0	0	0	0.00972327	0.0959562	-0.0328693	0	0	0	0	-1.77636e-15	0
	LGK_44.pdb	-1.37386	-1.58828	-1.07612	-1.11862	-1.10944	1.52591	-1.62309	-0.061431	2.64745	0.735902	0	0	0	0.0229153	0.547398	0.120702	0	0	0	0	0.150233	0
	LGK_45.pdb	-0.976255	-0.284767	0.701813	0.313842	-0.435764	-1.38246	0.239704	-0.0721707	0.0588226	-0.155758	0	0	0	0.00511613	0.371227	0.0343212	0	0	0	0	0.00104767	0
	LGK_46.pdb	-0.934462	-0.127274	-0.0180215	-0.782419	-0.481885	0.433673	-0.895686	0.0640077	0.609308	0.163552	0	0	0	0.00226363	0.015018	0.0353966	0	0	0	0	0.0626224	0
	LGK_47.pdb	-0.726989	-0.50953	0.447396	-0.236166	-0.358555	-0.799087	-0.294231	-0.0309958	0.678997	0.335837	0	0	0	0.00475412	0.556732	0.0338954	0	0	0	0	0.000695817	0
	LGK_48.pdb	-1.96156	-0.54536	0.537102	-1.11041	-0.320775	0.47932	-1.90643	-0.0713055	0.752513	0.155439	0	0	0	0.0319551	0.61987	0.0355005	0	0	0	0	0.000900415	0
	LGK_49.pdb	-2.49067	-0.803146	-1.53952	-1.47262	-1.02616	1.52534	-1.8893	0.922607	1.33706	0.152516	0	0	0	0.0721484	0.401112	0.0803262	0	0	0	0	0.15008	0
	LGK_50.pdb	-1.60046	-0.7462	0.776847	-1.00983	-0.217074	0.455513	-1.66685	-0.0285566	0.744165	0.0492507	0	0	0	0.0198503	0.630717	0.0233651	0	0	0	0	-0.000933998	0
