DA73T;	by the FoldX Consortium 
DA73V;	Jesper Borg, Frederic Rousseau, Joost Schymkowitz,
SA74W;	Luis Serrano and Francois Stricher
SA74Q;	------------------------------------------------------
SA74V;	
SA74D;	PDB file analysed: batch
SA74G;	Output type: BuildModel
IA75G;	Pdb	total energy	Backbone Hbond	Sidechain Hbond	Van der Waals	Electrostatics	Solvation Polar	Solvation Hydrophobic	Van der Waals clashes	entropy sidechain	entropy mainchain	sloop_entropy	mloop_entropy	cis_bond	torsional clash	backbone clash	helix dipole	water bridge	disulfide	electrostatic kon	partial covalent bonds	energy Ionisation	Entropy Complex
IA75K;	VKOR1_1.pdb	0.357543	0	0	-0.0470547	0.00503021	0.0772776	-0.0463794	0	0.0302123	0.340125	0	0	0	-0.00104463	0.0104835	-0.000624076	0	0	0	0	0	0
IA75P;	VKOR1_2.pdb	0.412572	0	0	-0.173271	0.00927045	0.2797	-0.177931	0	0.0485269	0.42754	0	0	0	-0.000836198	0.0375073	-0.000428197	0	0	0	0	0	0
IA75W;	VKOR1_3.pdb	3.54781	0.598814	0.629735	-1.18438	1.72085e-15	0.822211	-2.43893	4.22879	0.559136	0.420814	0	0	0	-0.0883789	0.296168	-6.10623e-16	0	0	0	0	0	0
LA76R;	VKOR1_4.pdb	-0.159617	0.00110098	0.000495328	-0.770408	8.71605e-09	0.626915	-1.5615	0.312293	0.902187	0.414551	0	0	0	-0.0852537	0.297322	6.8156e-10	0	0	0	0	0	0
LA76Q;	VKOR1_5.pdb	1.4173	0.575141	0.6315	-1.24982	0	0.796866	-2.76311	2.07987	0.0383649	0.173191	0	0	0	1.1353	0.434065	0	0	0	0	0	0	0
LA76Y;	VKOR1_6.pdb	-0.42627	-0.238936	-0.233721	-0.426099	0.0978491	1.13525	-0.947257	0.168748	0.0606286	0.0545603	0	0	0	-0.100041	0.134478	0.00274573	0	0	0	0	0	0
LA76K;	VKOR1_7.pdb	1.42411	0.663242	0.6315	0.980063	0	-1.46884	0.971222	-2.61602e-05	-0.6567	0.430898	0	0	0	-0.127254	-0.45789	0	0	0	0	0	0	0
LA76H;	VKOR1_8.pdb	0.279399	-0.0103929	0	0.461428	0	-0.653793	0.556152	-1.77636e-15	-0.101465	0.06047	0	0	0	-0.0330007	-0.344832	0	0	0	0	0	0	0
LA76G;	VKOR1_9.pdb	-0.230503	-0.00753286	7.10543e-15	0.0728779	-0.0132972	-0.120102	0.0799784	-0.000282454	0.0219454	-0.221362	0	0	0	-0.0440985	0.0539178	0.00137076	0	0	0	0	0	0
LA76D;	VKOR1_10.pdb	-1.2398	0.000783271	1.15988e-08	0.247269	1.36313e-08	-0.268244	0.377132	2.10013e-08	-0.0801548	-1.50593	0	0	0	-0.0106583	-0.898986	-1.91695e-09	0	0	0	0	0	0
LA76T;	VKOR1_11.pdb	-0.460403	-0.0393819	-0.0138084	-0.37274	1.36313e-08	0.161374	-0.673429	0.0130384	0.184961	0.231312	0	0	0	0.0482718	0.219745	-1.91695e-09	0	0	0	0	0	0
NA77L;	VKOR1_12.pdb	0.674631	0.0166034	-1.15988e-08	-0.178791	0.0247156	0.280501	0.00713174	0.0265505	0.207239	0.2128	0	0	0	0.0609303	-0.128608	0.0169507	0	0	0	0	0	0
NA77V;	VKOR1_13.pdb	0.753046	0.0199244	-1.15988e-08	0.223387	-0.00889245	-0.00508159	0.574467	0.0123279	0.0340419	0.1216	0	0	0	-0.230659	-0.118397	0.0119308	0	0	0	0	0	0
NA77S;	VKOR1_14.pdb	0.335155	0.028015	-1.15988e-08	0.0639786	-0.00303725	-0.0244789	0.258618	-0.027742	-0.0963311	0.300483	0	0	0	-0.163965	-0.0901348	-0.000385868	0	0	0	0	0	0
NA77I;	VKOR1_15.pdb	0.315144	0.0190617	-1.15988e-08	0.0332636	-0.0029659	-0.109842	0.0440264	0.0672261	0.163834	0.106831	0	0	0	-0.0213776	-0.172567	0.0150868	0	0	0	0	0	0
NA77A;	VKOR1_16.pdb	0.93726	-0.0140609	-1.15984e-08	-0.0350354	0.00838957	0.189546	0.11953	0.0358585	0.217551	0.348505	0	0	0	0.00461449	-0.0513944	0.0135801	0	0	0	0	0.0487825	0
QA78S;	VKOR1_17.pdb	1.93616	0.0113506	-1.15984e-08	1.04839	-0.00471608	-0.55179	2.02261	0.0231586	-0.482485	0.146319	0	0	0	-0.295834	-0.381456	0.0191512	0	0	0	0	0	0
QA78T;	VKOR1_18.pdb	0.510406	-0.0133354	-1.47142	0.296863	0.0370463	0.575168	0.977857	0.170312	0.106601	0.00759999	0	0	0	-0.185916	0.0102333	0.00963005	0	0	0	0	0	0
QA78H;	VKOR1_19.pdb	1.70613	0.20502	-0.903378	0.387673	0.00749794	0.640964	1.34866	0.0764694	0.077638	0.363778	0	0	0	-0.514632	-0.115078	0.0164399	0	0	0	0	0	0
QA78G;	VKOR1_20.pdb	-1.2695	0.316527	0.448006	-1.00781	0.000760379	-0.0900175	-2.61694	0.204337	0.44342	0.969572	0	0	0	0.0626371	0.45514	0	0	0	0	0	0	0
QA78E;	VKOR1_21.pdb	0.953593	0.459732	2.05825	-0.262173	0.15206	-1.12427	-1.31167	0.387016	-1.17066	1.3564	0	0	0	0.388586	0.287919	0.0131877	0	0	0	0	0.00713265	0
QA78Y;	VKOR1_22.pdb	1.38572	-0.848622	1.07586	0.341892	-0.836377	0.39743	0.756816	-0.0556828	-0.578659	0.475593	0	0	0	0.778002	0.280533	-0.118129	0	0	0	0	-0.00239851	0
QA78R;	VKOR1_23.pdb	1.27935	0.401135	0.477253	-0.780425	-7.38206e-08	0.02635	-1.86155	0.00301785	0.0647612	1.2655	0	0	0	1.68331	0.542032	4.53726e-08	0	0	0	0	-2.05391e-15	0
QA78L;	VKOR1_24.pdb	-0.95439	0.0614319	1.50658	0.834911	-0.711491	-2.05305	0.591158	-0.302186	-1.05967	0.266196	0	0	0	-0.10832	-0.218653	0.0190429	0	0	0	0	0.00100518	0
SA79G;	VKOR1_25.pdb	0.714875	0.389998	0.373428	0.47771	-2.77556e-17	-0.343698	0.969691	-0.037791	-0.642363	-0.4374	0	0	0	-0.034701	-0.0275441	0	0	0	0	0	0	0
SA79T;	VKOR1_26.pdb	0.643521	0.343292	-0.893972	-0.256008	-0.00295935	0.598201	-0.0833542	-0.0297324	0.511226	0.452799	0	0	0	0.00691937	0.154827	-0.00288945	0	0	0	0	2.22045e-16	0
NA80T;	VKOR1_27.pdb	0.523074	0.363575	0.356501	-0.124616	7.382e-08	0.457984	-0.0323713	-0.163161	-0.455111	0.145953	0	0	0	-0.0790006	0.269359	-4.53726e-08	0	0	0	0	0.0533204	0
NA80R;	VKOR1_28.pdb	0.69003	0.430689	0.28076	1.91295	-0.00857042	-2.42157	2.37903	-0.027745	-1.51961	-0.364825	0	0	0	0.0387706	-0.99083	-0.00985805	0	0	0	0	2.22045e-16	0
NA80P;	VKOR1_29.pdb	-0.0371573	-0.160808	-0.163165	-0.0382317	-0.10875	0.235495	-0.0366014	0.0353746	0.213995	-0.126206	0	0	0	0.140351	0.0276784	-0.0286116	0	0	0	0	-2.22045e-16	0
NA80W;	VKOR1_30.pdb	-0.233998	0.454672	0.391834	0.356967	7.382e-08	-0.511802	0.258147	-0.147069	-1.17966	0.166979	0	0	0	-0.0240636	-0.0920325	-4.53726e-08	0	0	0	0	2.22045e-16	0
NA80L;	VKOR1_31.pdb	0.0399318	-0.503648	-0.571532	0.0136273	0.0394998	-0.067409	-0.0361873	-0.0721675	0.350993	0.803298	0	0	0	0.0688441	-0.0750065	0.0146134	0	0	0	0	2.22045e-16	0
NA80G;	VKOR1_32.pdb	-1.3677	0.267317	0.377099	-0.761858	5.55112e-17	0.434377	-1.48202	0.028181	-0.139875	-0.0804198	0	0	0	-0.0104989	0.440197	0	0	0	0	0	0	0
NA80E;	VKOR1_33.pdb	1.8456	0.910107	1.36995	0.904731	-0.0302143	-1.3377	0.804185	-0.0170802	-0.876192	0.5168	0	0	0	-0.398986	-0.231805	-6.47555e-08	0	0	0	0	2.22045e-16	0
NA80D;	VKOR1_34.pdb	0.186424	0.810337	0.341113	-0.59812	0.0034677	0.739788	-1.32612	0.0317145	0.290307	0.1064	0	0	0	-0.212462	0.173364	8.54872e-15	0	0	0	0	0	0
NA80Y;	VKOR1_35.pdb	1.00071	0.912166	0.923434	0.433347	0.0753498	-0.870282	-0.0276197	0.0392575	-0.181221	-0.338597	0	0	0	0.0120282	-0.0343077	0.0228453	0	0	0	0	1.94289e-16	0
NA80M;	VKOR1_36.pdb	1.54405	1.27474	-0.397326	-0.384306	0.322949	0.202327	-0.569616	0.084664	1.35763	-0.566067	0	0	0	0.151214	-0.435075	0.0678484	0	0	0	0	0	0
SA81Q;	VKOR1_37.pdb	2.05955	2.13914	1.28972	0.367736	0.0937513	-1.3596	-0.419883	2.48971	-0.467984	-2.08607	0	0	0	0.0170724	-1.03271	-0.00404483	0	0	0	0	1.94289e-16	0
SA81R;	VKOR1_38.pdb	-0.176146	1.2541	1.3066	-0.778391	0.637086	-0.828287	-2.24426	0.146324	0.387256	-0.271875	0	0	0	0.0709706	-0.29703	0.144327	0	0	0	0	1.94289e-16	0
IA82G;	VKOR1_39.pdb	-0.450394	1.23436	1.22288	0.142388	5.55112e-17	-1.02851	-0.751718	-0.00760371	-0.59592	-0.674413	0	0	0	0.00814509	-0.173208	-2.77556e-17	0	0	0	0	0	0
IA82K;	VKOR1_40.pdb	2.43015	1.27072	1.26458	1.67119	0.0529202	-2.24499	1.71786	-0.0214007	-0.859249	-0.441193	0	0	0	0.00846345	-0.808616	0.011248	0	0	0	0	1.94289e-16	0
IA82L;	VKOR1_41.pdb	1.34842	1.2462	1.26027	0.444782	-0.137472	-0.61176	-0.0230139	0.00731373	-0.0564114	-0.706973	0	0	0	0.048394	-0.205251	-0.122908	0	0	0	0	1.94289e-16	0
IA82R;	VKOR1_42.pdb	1.23765	0.331733	0.318289	0.233389	-1.04488	1.26036	0.120607	0.0223973	0.206375	-0.2508	0	0	0	0.145456	-0.204233	-0.105277	0	0	0	0	1.94289e-16	0
	VKOR1_43.pdb	0.400129	1.27117	1.32651	-0.193204	0.142362	-0.713833	-0.939739	-0.0160986	-0.160058	-0.543186	0	0	0	0.111821	-0.238102	0.114382	0	0	0	0	1.94289e-16	0
	VKOR1_44.pdb	0.0247294	1.28361	1.258	-0.152945	-3.5888e-14	-1.06122	-1.15714	0.013216	0.0924222	-0.250903	0	0	0	-0.000319072	-0.132928	0	0	0	0	0	0	0
	VKOR1_45.pdb	0.391338	-0.268089	1.03871	-1.39631	-0.000325233	0.706619	-2.57258	1.71066	1.07964	-0.0152	0	0	0	0.108211	0.276828	1.78023e-08	0	0	0	0	2.22045e-16	0
	VKOR1_46.pdb	3.5117	-0.229302	1.14758	-2.04295	0.244397	2.15891	-2.74776	0.860345	1.42013	0.0456	0	0	0	2.5227	0.458533	0.13204	0	0	0	0	2.22045e-16	0
	VKOR1_47.pdb	2.25681	0.146486	2.38032e-13	1.47888	5.55112e-17	-0.87934	2.64126	-0.0503906	-1.01585	0.2736	0	0	0	-0.337835	-0.516666	0	0	0	0	0	0	0
	VKOR1_48.pdb	0.442714	-0.196747	0.932498	1.5834	0.0281103	-1.56669	2.17817	-0.278727	-1.28444	-0.00785308	0	0	0	-0.964287	-0.490455	0.0192793	0	0	0	0	2.22045e-16	0
	VKOR1_49.pdb	0.0608608	0.0135158	0.000168762	0.110019	2.77556e-17	-0.127655	0.1943	0.00711677	-0.104151	-0.076	0	0	0	0.0435462	-0.116242	0	0	0	0	0	0	0
	VKOR1_50.pdb	0.599195	0.0671838	-2.73548	0.00581396	0.15809	0.296548	0.500226	0.219983	1.98419	0.0456	0	0	0	0.0271328	-0.242731	0.0299002	0	0	0	0	-2.22045e-16	0
