mutation,position,wt_aa,mut_aa,dca_score_raw,dca_score_rsa_reweight
M1A,1,M,A,5.1858,1.8601
M1C,1,M,C,5.1858,1.8601
M1D,1,M,D,5.1858,1.8601
M1E,1,M,E,5.1858,1.8601
M1F,1,M,F,5.1858,1.8601
M1G,1,M,G,5.1858,1.8601
M1H,1,M,H,5.1858,1.8601
M1I,1,M,I,4.9115,1.7433
M1K,1,M,K,5.1858,1.8601
M1L,1,M,L,4.2483,1.4374
M1N,1,M,N,5.1858,1.8601
M1P,1,M,P,5.1858,1.8601
M1Q,1,M,Q,5.1858,1.8601
M1R,1,M,R,5.1858,1.8601
M1S,1,M,S,5.1858,1.8601
M1T,1,M,T,5.1858,1.8601
M1V,1,M,V,5.1858,1.8601
M1W,1,M,W,5.1858,1.8601
M1Y,1,M,Y,5.1858,1.8601
T2A,2,T,A,1.6638,1.1107
T2C,2,T,C,3.5379,2.2913
T2D,2,T,D,1.4605,0.9851
T2E,2,T,E,1.1322,0.8074
T2F,2,T,F,3.2086,2.1055
T2G,2,T,G,3.3616,2.1885
T2H,2,T,H,2.5274,1.7006
T2I,2,T,I,2.3535,1.762
T2K,2,T,K,0.1994,0.3728
T2L,2,T,L,2.4267,1.7579
T2M,2,T,M,2.9832,1.9552
T2N,2,T,N,0.8686,0.7101
T2P,2,T,P,1.9364,1.2617
T2Q,2,T,Q,1.6439,1.285
T2R,2,T,R,-0.9884,-0.4652
T2S,2,T,S,0.6836,0.5896
T2V,2,T,V,2.3952,1.5966
T2W,2,T,W,3.7313,2.4107
T2Y,2,T,Y,3.1626,2.0997
E3A,3,E,A,4.0513,2.8748
E3C,3,E,C,5.7229,4.0567
E3D,3,E,D,2.4838,1.8219
E3F,3,E,F,5.8667,4.1853
E3G,3,E,G,5.4982,3.9055
E3H,3,E,H,3.802,2.6134
E3I,3,E,I,5.284,3.7547
E3K,3,E,K,2.8133,1.8346
E3L,3,E,L,3.6076,2.5193
E3M,3,E,M,3.9928,2.7373
E3N,3,E,N,2.9177,2.0593
E3P,3,E,P,4.4584,3.2136
E3Q,3,E,Q,3.6857,2.5693
E3R,3,E,R,3.6482,2.4108
E3S,3,E,S,2.4766,1.8
E3T,3,E,T,2.1338,1.494
E3V,3,E,V,3.1764,2.1451
E3W,3,E,W,6.135,4.3643
E3Y,3,E,Y,5.5371,3.9506
Y4A,4,Y,A,3.8593,3.8183
Y4C,4,Y,C,4.3471,4.2045
Y4D,4,Y,D,7.146,6.8355
Y4E,4,Y,E,7.074,6.7498
Y4F,4,Y,F,3.1671,2.8636
Y4G,4,Y,G,6.7368,6.479
Y4H,4,Y,H,1.8795,1.9195
Y4I,4,Y,I,3.3295,3.3322
Y4K,4,Y,K,4.6647,4.6592
Y4L,4,Y,L,3.1776,3.1633
Y4M,4,Y,M,5.0291,4.8159
Y4N,4,Y,N,5.984,5.7669
Y4P,4,Y,P,6.8288,6.5343
Y4Q,4,Y,Q,6.0092,5.7985
Y4R,4,Y,R,5.8515,5.5407
Y4S,4,Y,S,5.5225,5.3658
Y4T,4,Y,T,4.8437,4.7537
Y4V,4,Y,V,3.8425,3.7856
Y4W,4,Y,W,6.2761,6.0123
K5A,5,K,A,5.3641,3.5003
K5C,5,K,C,5.344,3.4638
K5D,5,K,D,4.3547,2.8747
K5E,5,K,E,4.3146,2.8111
K5F,5,K,F,5.5647,3.6181
K5G,5,K,G,5.2762,3.4026
K5H,5,K,H,3.5345,2.3222
K5I,5,K,I,5.2059,3.3643
K5L,5,K,L,5.4505,3.5392
K5M,5,K,M,5.4955,3.5654
K5N,5,K,N,3.2217,2.1418
K5P,5,K,P,4.9581,3.2058
K5Q,5,K,Q,3.1824,2.2183
K5R,5,K,R,0.8657,0.5952
K5S,5,K,S,3.4208,2.2718
K5T,5,K,T,3.4566,2.3156
K5V,5,K,V,5.2268,3.3793
K5W,5,K,W,5.6162,3.638
K5Y,5,K,Y,5.1491,3.3511
L6A,6,L,A,4.7791,4.6337
L6C,6,L,C,3.9394,3.8832
L6D,6,L,D,7.2334,7.0537
L6E,6,L,E,7.21,7.0272
L6F,6,L,F,4.3208,4.1941
L6G,6,L,G,6.8494,6.669
L6H,6,L,H,7.0025,6.8263
L6I,6,L,I,0.5035,0.4664
L6K,6,L,K,7.234,7.0543
L6M,6,L,M,3.3174,3.2104
L6N,6,L,N,7.1729,6.9949
L6P,6,L,P,7.2334,7.0537
L6Q,6,L,Q,6.897,6.7274
L6R,6,L,R,7.2227,7.0434
L6S,6,L,S,6.1322,5.972
L6T,6,L,T,5.1765,5.0678
L6V,6,L,V,1.1505,1.0966
L6W,6,L,W,7.0639,6.8906
L6Y,6,L,Y,6.4837,6.3186
V7A,7,V,A,2.6019,2.4085
V7C,7,V,C,4.2598,4.0679
V7D,7,V,D,7.4568,7.1136
V7E,7,V,E,7.4272,7.0883
V7F,7,V,F,6.0815,5.773
V7G,7,V,G,5.648,5.3802
V7H,7,V,H,7.3673,7.0306
V7I,7,V,I,2.7217,2.5868
V7K,7,V,K,7.142,6.7928
V7L,7,V,L,3.2582,3.0711
V7M,7,V,M,4.658,4.3293
V7N,7,V,N,6.7658,6.4135
V7P,7,V,P,7.0792,6.7485
V7Q,7,V,Q,6.9499,6.6195
V7R,7,V,R,7.0722,6.7245
V7S,7,V,S,5.1406,4.818
V7T,7,V,T,4.3412,4.1284
V7W,7,V,W,7.3625,7.0198
V7Y,7,V,Y,6.3025,6.0166
V8A,8,V,A,5.5254,5.4334
V8C,8,V,C,5.4328,5.3673
V8D,8,V,D,7.9053,7.8139
V8E,8,V,E,7.7168,7.6251
V8F,8,V,F,5.6992,5.6279
V8G,8,V,G,6.83,6.7734
V8H,8,V,H,7.7341,7.6427
V8I,8,V,I,1.5519,1.5156
V8K,8,V,K,7.7559,7.665
V8L,8,V,L,2.1498,2.0965
V8M,8,V,M,2.8118,2.7641
V8N,8,V,N,7.1545,7.0639
V8P,8,V,P,7.5803,7.4861
V8Q,8,V,Q,7.4398,7.3588
V8R,8,V,R,7.8258,7.7348
V8S,8,V,S,5.7999,5.8059
V8T,8,V,T,4.7246,4.6494
V8W,8,V,W,7.9024,7.8111
V8Y,8,V,Y,7.7219,7.6357
V9A,9,V,A,3.7398,3.6835
V9C,9,V,C,4.1003,3.9816
V9D,9,V,D,6.4627,6.3964
V9E,9,V,E,6.6024,6.5362
V9F,9,V,F,2.9685,2.9307
V9G,9,V,G,6.0437,5.9881
V9H,9,V,H,6.482,6.4178
V9I,9,V,I,2.4306,2.3718
V9K,9,V,K,6.5857,6.5185
V9L,9,V,L,1.1693,1.1732
V9M,9,V,M,2.5451,2.5634
V9N,9,V,N,6.2165,6.1602
V9P,9,V,P,6.3113,6.2507
V9Q,9,V,Q,6.4111,6.3467
V9R,9,V,R,6.638,6.5723
V9S,9,V,S,5.8515,5.784
V9T,9,V,T,4.8155,4.7607
V9W,9,V,W,6.4018,6.3371
V9Y,9,V,Y,5.5593,5.5074
G10A,10,G,A,8.4843,8.3434
G10C,10,G,C,8.5878,8.4469
G10D,10,G,D,8.4838,8.3474
G10E,10,G,E,8.5381,8.4001
G10F,10,G,F,8.7244,8.5821
G10H,10,G,H,8.7223,8.5801
G10I,10,G,I,8.6438,8.5039
G10K,10,G,K,8.7252,8.5829
G10L,10,G,L,8.683,8.5405
G10M,10,G,M,8.7158,8.5734
G10N,10,G,N,8.6939,8.55
G10P,10,G,P,8.7209,8.5787
G10Q,10,G,Q,8.7206,8.5783
G10R,10,G,R,8.3161,8.1838
G10S,10,G,S,7.901,7.769
G10T,10,G,T,8.6009,8.4638
G10V,10,G,V,8.5207,8.3843
G10W,10,G,W,8.7152,8.573
G10Y,10,G,Y,8.7256,8.5833
A11C,11,A,C,2.1418,2.0558
A11D,11,A,D,-0.8467,-0.6864
A11E,11,A,E,0.7684,0.7949
A11F,11,A,F,2.3258,2.2636
A11G,11,A,G,0.0842,0.1336
A11H,11,A,H,1.4214,1.3118
A11I,11,A,I,2.7295,2.5495
A11K,11,A,K,2.5185,2.1804
A11L,11,A,L,2.531,2.3841
A11M,11,A,M,2.0246,1.9132
A11N,11,A,N,0.132,0.146
A11P,11,A,P,1.5458,1.5059
A11Q,11,A,Q,1.6779,1.5949
A11R,11,A,R,2.1633,1.9558
A11S,11,A,S,-1.2975,-1.0659
A11T,11,A,T,1.3471,1.2621
A11V,11,A,V,2.283,2.189
A11W,11,A,W,3.5037,3.2369
A11Y,11,A,Y,1.5544,1.5435
G12A,12,G,A,1.389,0.8547
G12C,12,G,C,3.5293,2.6967
G12D,12,G,D,3.5845,2.7221
G12E,12,G,E,2.5005,1.8457
G12F,12,G,F,3.0025,2.4189
G12H,12,G,H,4.1435,3.0953
G12I,12,G,I,3.9593,3.0402
G12K,12,G,K,3.0685,2.2141
G12L,12,G,L,2.9596,2.2885
G12M,12,G,M,3.5486,2.6458
G12N,12,G,N,3.3625,2.5095
G12P,12,G,P,1.3862,0.9089
G12Q,12,G,Q,1.7897,1.2185
G12R,12,G,R,2.3503,1.7381
G12S,12,G,S,0.7724,0.2457
G12T,12,G,T,2.4839,1.5957
G12V,12,G,V,3.0911,2.316
G12W,12,G,W,5.0641,3.8777
G12Y,12,G,Y,3.3312,2.4688
G13A,13,G,A,0.5301,0.4662
G13C,13,G,C,2.956,2.216
G13D,13,G,D,3.3426,2.4793
G13E,13,G,E,3.1557,2.5448
G13F,13,G,F,3.904,3.015
G13H,13,G,H,4.4656,3.3871
G13I,13,G,I,5.3858,4.0706
G13K,13,G,K,2.6328,2.0815
G13L,13,G,L,4.5036,3.397
G13M,13,G,M,3.5289,2.6835
G13N,13,G,N,2.9654,2.2167
G13P,13,G,P,5.5417,4.173
G13Q,13,G,Q,3.4194,2.6316
G13R,13,G,R,2.2434,1.733
G13S,13,G,S,1.7452,1.2813
G13T,13,G,T,2.1022,1.6218
G13V,13,G,V,4.6124,3.4901
G13W,13,G,W,5.5907,4.2202
G13Y,13,G,Y,3.64,2.8647
V14A,14,V,A,4.0235,3.8262
V14C,14,V,C,2.8482,2.7693
V14D,14,V,D,7.3586,7.0886
V14E,14,V,E,7.0962,6.8236
V14F,14,V,F,7.4052,7.1376
V14G,14,V,G,6.8654,6.5752
V14H,14,V,H,6.0171,5.7319
V14I,14,V,I,4.5685,4.4486
V14K,14,V,K,7.4228,7.1506
V14L,14,V,L,7.2955,7.0236
V14M,14,V,M,7.2944,7.0346
V14N,14,V,N,6.9732,6.7284
V14P,14,V,P,7.3175,7.0468
V14Q,14,V,Q,7.4107,7.1421
V14R,14,V,R,7.2755,7.0135
V14S,14,V,S,2.8568,2.6653
V14T,14,V,T,3.0055,2.879
V14W,14,V,W,7.4482,7.1789
V14Y,14,V,Y,7.2768,7.0181
G15A,15,G,A,8.6438,7.6356
G15C,15,G,C,9.0169,7.9718
G15D,15,G,D,7.6101,6.776
G15E,15,G,E,8.2569,7.3356
G15F,15,G,F,9.1883,8.1299
G15H,15,G,H,9.136,8.0799
G15I,15,G,I,9.2083,8.1462
G15K,15,G,K,8.869,7.8459
G15L,15,G,L,8.9358,7.9192
G15M,15,G,M,9.1569,8.1013
G15N,15,G,N,8.6904,7.6884
G15P,15,G,P,9.0593,8.014
G15Q,15,G,Q,9.0299,7.9903
G15R,15,G,R,8.2351,7.2819
G15S,15,G,S,8.7587,7.7446
G15T,15,G,T,9.1526,8.0971
G15V,15,G,V,9.1346,8.0861
G15W,15,G,W,9.2003,8.1402
G15Y,15,G,Y,9.0781,8.0339
K16A,16,K,A,8.5142,8.0929
K16C,16,K,C,8.4882,8.0679
K16D,16,K,D,8.7538,8.3197
K16E,16,K,E,8.2988,7.8792
K16F,16,K,F,8.7523,8.318
K16G,16,K,G,8.7529,8.3189
K16H,16,K,H,8.7125,8.2803
K16I,16,K,I,8.0935,7.6877
K16L,16,K,L,8.3247,7.926
K16M,16,K,M,8.3429,7.9321
K16N,16,K,N,8.2235,7.8151
K16P,16,K,P,8.7458,8.3124
K16Q,16,K,Q,8.1693,7.7401
K16R,16,K,R,6.15,5.8534
K16S,16,K,S,8.1517,7.7549
K16T,16,K,T,7.489,7.1079
K16V,16,K,V,8.2255,7.8193
K16W,16,K,W,8.6047,8.1787
K16Y,16,K,Y,8.7555,8.3213
S17A,17,S,A,6.4714,5.7035
S17C,17,S,C,7.6906,6.7568
S17D,17,S,D,7.6481,6.7147
S17E,17,S,E,7.3861,6.5066
S17F,17,S,F,7.7069,6.7622
S17G,17,S,G,7.2733,6.3823
S17H,17,S,H,7.464,6.5384
S17I,17,S,I,7.2716,6.3933
S17K,17,S,K,6.3734,5.6769
S17L,17,S,L,7.1602,6.2581
S17M,17,S,M,7.5431,6.6105
S17N,17,S,N,6.7585,5.9349
S17P,17,S,P,7.7716,6.8079
S17Q,17,S,Q,7.5132,6.5924
S17R,17,S,R,6.4455,5.7111
S17T,17,S,T,0.908,0.8419
S17V,17,S,V,7.4315,6.5122
S17W,17,S,W,7.8113,6.8554
S17Y,17,S,Y,7.6727,6.7285
A18C,18,A,C,1.5842,1.3807
A18D,18,A,D,6.5728,5.5165
A18E,18,A,E,6.1293,5.1313
A18F,18,A,F,6.9899,5.9336
A18G,18,A,G,6.0403,5.0815
A18H,18,A,H,7.0973,5.8576
A18I,18,A,I,7.2857,6.1794
A18K,18,A,K,6.1767,5.2054
A18L,18,A,L,6.1619,5.147
A18M,18,A,M,6.2477,5.2575
A18N,18,A,N,5.6072,4.5486
A18P,18,A,P,6.7345,5.7046
A18Q,18,A,Q,5.6787,4.7545
A18R,18,A,R,6.2487,5.2128
A18S,18,A,S,1.2688,1.0499
A18T,18,A,T,2.9565,2.4726
A18V,18,A,V,6.1973,5.2977
A18W,18,A,W,6.946,5.8692
A18Y,18,A,Y,6.2979,5.3594
L19A,19,L,A,6.5854,6.5229
L19C,19,L,C,6.5224,6.4434
L19D,19,L,D,8.3794,8.258
L19E,19,L,E,8.3787,8.2573
L19F,19,L,F,4.9981,4.9632
L19G,19,L,G,8.1988,8.0791
L19H,19,L,H,8.3353,8.213
L19I,19,L,I,2.5664,2.5129
L19K,19,L,K,8.261,8.1395
L19M,19,L,M,3.9522,3.944
L19N,19,L,N,7.9457,7.8434
L19P,19,L,P,7.8333,7.7258
L19Q,19,L,Q,8.1573,8.0358
L19R,19,L,R,8.1643,8.0456
L19S,19,L,S,6.928,6.85
L19T,19,L,T,5.9213,5.8862
L19V,19,L,V,3.7598,3.7037
L19W,19,L,W,7.9928,7.8809
L19Y,19,L,Y,7.2917,7.238
T20A,20,T,A,4.7639,4.5034
T20C,20,T,C,4.8521,4.5539
T20D,20,T,D,8.3904,8.0392
T20E,20,T,E,7.9831,7.6372
T20F,20,T,F,6.0481,5.7804
T20G,20,T,G,7.0697,6.7381
T20H,20,T,H,7.9016,7.5571
T20I,20,T,I,3.3395,3.0444
T20K,20,T,K,7.3783,7.044
T20L,20,T,L,3.2679,3.0055
T20M,20,T,M,5.5968,5.253
T20N,20,T,N,7.6437,7.3091
T20P,20,T,P,7.9519,7.6055
T20Q,20,T,Q,7.7849,7.4311
T20R,20,T,R,6.8862,6.5451
T20S,20,T,S,4.6061,4.3524
T20V,20,T,V,3.2323,2.9617
T20W,20,T,W,7.9913,7.6426
T20Y,20,T,Y,7.3099,7.0055
I21A,21,I,A,6.0546,4.687
I21C,21,I,C,6.2829,4.9489
I21D,21,I,D,6.3749,4.914
I21E,21,I,E,5.1752,4.0219
I21F,21,I,F,6.2693,4.8831
I21G,21,I,G,6.6739,5.189
I21H,21,I,H,5.7855,4.4557
I21K,21,I,K,5.3693,4.2268
I21L,21,I,L,3.3226,2.4044
I21M,21,I,M,4.364,3.3591
I21N,21,I,N,3.9958,3.0266
I21P,21,I,P,7.9838,6.3515
I21Q,21,I,Q,4.8833,3.7158
I21R,21,I,R,5.2132,4.0498
I21S,21,I,S,5.8233,4.4075
I21T,21,I,T,4.916,3.84
I21V,21,I,V,2.127,1.5468
I21W,21,I,W,7.1056,5.6082
I21Y,21,I,Y,5.9807,4.5492
Q22A,22,Q,A,4.916,4.2423
Q22C,22,Q,C,6.3561,5.485
Q22D,22,Q,D,7.812,6.8815
Q22E,22,Q,E,7.3947,6.4933
Q22F,22,Q,F,7.4737,6.5834
Q22G,22,Q,G,7.3232,6.4222
Q22H,22,Q,H,6.8456,5.9483
Q22I,22,Q,I,7.3944,6.3501
Q22K,22,Q,K,4.8966,4.156
Q22L,22,Q,L,6.4938,5.6019
Q22M,22,Q,M,5.4057,4.7028
Q22N,22,Q,N,6.5318,5.7131
Q22P,22,Q,P,8.1218,7.1769
Q22R,22,Q,R,3.3185,2.8459
Q22S,22,Q,S,4.2533,3.7908
Q22T,22,Q,T,5.923,4.9936
Q22V,22,Q,V,5.2899,4.5542
Q22W,22,Q,W,7.9167,6.9722
Q22Y,22,Q,Y,7.1771,6.2076
L23A,23,L,A,3.5708,3.5335
L23C,23,L,C,4.1311,4.0578
L23D,23,L,D,6.0473,5.8863
L23E,23,L,E,5.7587,5.5951
L23F,23,L,F,-0.8844,-0.889
L23G,23,L,G,5.933,5.7527
L23H,23,L,H,4.427,4.2754
L23I,23,L,I,3.9291,3.837
L23K,23,L,K,5.7515,5.595
L23M,23,L,M,3.8234,3.7272
L23N,23,L,N,6.0279,5.8557
L23P,23,L,P,6.1849,6.0264
L23Q,23,L,Q,5.1089,4.9362
L23R,23,L,R,5.0891,4.9611
L23S,23,L,S,4.6474,4.5667
L23T,23,L,T,5.0292,4.9211
L23V,23,L,V,3.9869,3.9607
L23W,23,L,W,3.9652,3.8559
L23Y,23,L,Y,0.5917,0.6202
I24A,24,I,A,2.6852,2.4136
I24C,24,I,C,1.5062,1.2477
I24D,24,I,D,4.2278,3.607
I24E,24,I,E,5.1945,4.3999
I24F,24,I,F,3.1683,2.7471
I24G,24,I,G,4.8913,4.1812
I24H,24,I,H,3.6921,3.1295
I24K,24,I,K,3.6955,3.0568
I24L,24,I,L,1.6623,1.3763
I24M,24,I,M,2.8268,2.2724
I24N,24,I,N,4.1486,3.4579
I24P,24,I,P,5.6325,4.7653
I24Q,24,I,Q,4.3596,3.5948
I24R,24,I,R,4.4623,3.7217
I24S,24,I,S,2.5978,2.2985
I24T,24,I,T,0.8586,0.847
I24V,24,I,V,-0.1616,-0.2099
I24W,24,I,W,5.6054,4.7467
I24Y,24,I,Y,4.2944,3.6312
Q25A,25,Q,A,3.8872,2.2219
Q25C,25,Q,C,3.5949,2.0267
Q25D,25,Q,D,2.5515,1.4928
Q25E,25,Q,E,1.3146,0.8613
Q25F,25,Q,F,3.0528,1.7232
Q25G,25,Q,G,4.2849,2.7217
Q25H,25,Q,H,2.7676,1.6216
Q25I,25,Q,I,4.6357,2.6123
Q25K,25,Q,K,2.497,1.5827
Q25L,25,Q,L,1.5829,0.9624
Q25M,25,Q,M,3.586,2.0199
Q25N,25,Q,N,2.6699,1.6617
Q25P,25,Q,P,4.8117,2.7388
Q25R,25,Q,R,2.9202,1.806
Q25S,25,Q,S,1.7313,1.1665
Q25T,25,Q,T,2.7533,1.6744
Q25V,25,Q,V,4.5727,2.5783
Q25W,25,Q,W,4.1008,2.2771
Q25Y,25,Q,Y,2.0332,1.142
N26A,26,N,A,3.085,1.7692
N26C,26,N,C,4.248,2.4693
N26D,26,N,D,1.608,1.0407
N26E,26,N,E,1.8035,0.9988
N26F,26,N,F,4.6227,2.7199
N26G,26,N,G,0.3628,0.3047
N26H,26,N,H,1.6197,0.7666
N26I,26,N,I,4.435,2.596
N26K,26,N,K,2.1891,1.1943
N26L,26,N,L,3.9058,2.2731
N26M,26,N,M,4.3968,2.545
N26P,26,N,P,3.6834,2.1276
N26Q,26,N,Q,1.5916,0.841
N26R,26,N,R,2.7021,1.5556
N26S,26,N,S,0.5416,0.0924
N26T,26,N,T,3.7899,2.2579
N26V,26,N,V,4.2965,2.5133
N26W,26,N,W,4.7824,2.8018
N26Y,26,N,Y,4.2163,2.477
H27A,27,H,A,2.2929,1.4962
H27C,27,H,C,2.8243,1.6943
H27D,27,H,D,3.0288,1.9343
H27E,27,H,E,1.2826,0.8633
H27F,27,H,F,2.9058,1.7716
H27G,27,H,G,3.592,2.2756
H27I,27,H,I,1.9773,1.2251
H27K,27,H,K,1.3112,0.8879
H27L,27,H,L,3.149,1.968
H27M,27,H,M,3.0582,1.8641
H27N,27,H,N,2.4718,1.565
H27P,27,H,P,4.3118,2.7013
H27Q,27,H,Q,0.9701,0.6263
H27R,27,H,R,1.6867,1.0324
H27S,27,H,S,2.1161,1.4158
H27T,27,H,T,1.5334,0.9959
H27V,27,H,V,1.6765,1.0908
H27W,27,H,W,4.53,2.746
H27Y,27,H,Y,1.5017,0.9211
F28A,28,F,A,6.3537,4.8418
F28C,28,F,C,6.274,4.7567
F28D,28,F,D,6.5809,5.0816
F28E,28,F,E,6.608,5.0956
F28G,28,F,G,6.9763,5.3251
F28H,28,F,H,5.6188,4.357
F28I,28,F,I,4.8117,3.8269
F28K,28,F,K,6.926,5.3371
F28L,28,F,L,5.503,4.1704
F28M,28,F,M,6.703,5.1529
F28N,28,F,N,6.5753,5.0703
F28P,28,F,P,6.5372,4.9902
F28Q,28,F,Q,6.9536,5.3376
F28R,28,F,R,6.8852,5.2874
F28S,28,F,S,5.4761,4.2048
F28T,28,F,T,5.9312,4.5447
F28V,28,F,V,4.5611,3.4967
F28W,28,F,W,5.2683,4.0954
F28Y,28,F,Y,3.6548,2.8163
V29A,29,V,A,4.3208,2.3129
V29C,29,V,C,5.1912,2.8168
V29D,29,V,D,4.643,2.4026
V29E,29,V,E,4.2932,2.2225
V29F,29,V,F,5.315,2.8893
V29G,29,V,G,5.1582,2.7685
V29H,29,V,H,5.0937,2.6827
V29I,29,V,I,1.2488,0.7161
V29K,29,V,K,5.3088,2.8498
V29L,29,V,L,2.6809,1.4187
V29M,29,V,M,4.4916,2.416
V29N,29,V,N,4.693,2.4596
V29P,29,V,P,2.7303,1.3371
V29Q,29,V,Q,4.3449,2.3022
V29R,29,V,R,5.0624,2.718
V29S,29,V,S,4.1797,2.1955
V29T,29,V,T,4.1727,2.2474
V29W,29,V,W,6.2433,3.3508
V29Y,29,V,Y,5.337,2.8567
D30A,30,D,A,1.4419,0.6905
D30C,30,D,C,4.1201,1.9277
D30E,30,D,E,-0.6631,-0.3445
D30F,30,D,F,3.5468,1.6516
D30G,30,D,G,1.3648,0.6886
D30H,30,D,H,2.3755,1.1575
D30I,30,D,I,3.1243,1.4452
D30K,30,D,K,1.7704,0.8144
D30L,30,D,L,2.4662,1.2092
D30M,30,D,M,3.1887,1.51
D30N,30,D,N,1.6632,0.791
D30P,30,D,P,1.1829,0.5468
D30Q,30,D,Q,1.6274,0.7505
D30R,30,D,R,2.3902,1.1009
D30S,30,D,S,0.0146,0.1148
D30T,30,D,T,0.7684,0.3982
D30V,30,D,V,2.8991,1.358
D30W,30,D,W,3.741,1.7911
D30Y,30,D,Y,3.59,1.6804
E31A,31,E,A,1.7522,0.6018
E31C,31,E,C,3.2042,1.0421
E31D,31,E,D,0.6039,0.2075
E31F,31,E,F,3.1763,1.0653
E31G,31,E,G,2.3386,0.7946
E31H,31,E,H,2.7023,0.9333
E31I,31,E,I,2.4337,0.81
E31K,31,E,K,0.8435,0.237
E31L,31,E,L,3.168,1.0725
E31M,31,E,M,3.3127,1.0909
E31N,31,E,N,1.4459,0.5257
E31P,31,E,P,2.9141,0.9471
E31Q,31,E,Q,2.1273,0.7357
E31R,31,E,R,1.576,0.5024
E31S,31,E,S,0.5561,0.1733
E31T,31,E,T,0.797,0.2644
E31V,31,E,V,1.8282,0.6089
E31W,31,E,W,4.2985,1.4166
E31Y,31,E,Y,2.4969,0.856
Y32A,32,Y,A,6.1339,3.2031
Y32C,32,Y,C,5.6146,3.0063
Y32D,32,Y,D,6.673,3.6426
Y32E,32,Y,E,6.5084,3.4248
Y32F,32,Y,F,6.2238,3.3216
Y32G,32,Y,G,6.9269,3.6817
Y32H,32,Y,H,3.3235,1.6326
Y32I,32,Y,I,5.8456,3.0313
Y32K,32,Y,K,6.837,3.6657
Y32L,32,Y,L,5.3546,2.7051
Y32M,32,Y,M,6.5383,3.3689
Y32N,32,Y,N,6.2583,3.3409
Y32P,32,Y,P,7.0509,3.7508
Y32Q,32,Y,Q,6.4176,3.2683
Y32R,32,Y,R,6.9477,3.644
Y32S,32,Y,S,4.4743,2.3559
Y32T,32,Y,T,6.027,3.1007
Y32V,32,Y,V,6.2511,3.3
Y32W,32,Y,W,6.1842,3.3048
D33A,33,D,A,3.4382,1.2805
D33C,33,D,C,5.3913,2.0625
D33E,33,D,E,2.8888,1.072
D33F,33,D,F,5.1598,1.975
D33G,33,D,G,4.5286,1.8136
D33H,33,D,H,4.5225,1.7367
D33I,33,D,I,2.5224,0.9481
D33K,33,D,K,2.9977,1.1512
D33L,33,D,L,3.7028,1.4068
D33M,33,D,M,4.5285,1.7145
D33N,33,D,N,3.4947,1.3041
D33P,33,D,P,4.8118,1.8052
D33Q,33,D,Q,3.5597,1.3651
D33R,33,D,R,4.03,1.5118
D33S,33,D,S,3.5437,1.3682
D33T,33,D,T,3.7702,1.3348
D33V,33,D,V,2.7272,0.979
D33W,33,D,W,6.4585,2.5089
D33Y,33,D,Y,3.0898,1.126
P34A,34,P,A,2.5854,1.0743
P34C,34,P,C,5.2022,2.443
P34D,34,P,D,6.0896,2.9611
P34E,34,P,E,5.1465,2.4034
P34F,34,P,F,5.7866,2.7827
P34G,34,P,G,5.049,2.1595
P34H,34,P,H,4.4746,2.1551
P34I,34,P,I,5.2489,2.4324
P34K,34,P,K,4.7918,2.2096
P34L,34,P,L,3.9661,1.9116
P34M,34,P,M,4.3241,1.8704
P34N,34,P,N,4.241,2.0024
P34Q,34,P,Q,4.3758,2.0687
P34R,34,P,R,5.4914,2.6415
P34S,34,P,S,2.7501,1.205
P34T,34,P,T,3.0017,1.3696
P34V,34,P,V,3.9016,1.9057
P34W,34,P,W,6.6559,3.1472
P34Y,34,P,Y,5.7077,2.6892
T35A,35,T,A,6.1596,4.6086
T35C,35,T,C,7.184,5.4493
T35D,35,T,D,5.5166,4.1024
T35E,35,T,E,6.2818,4.7284
T35F,35,T,F,6.5377,4.9382
T35G,35,T,G,6.0999,4.6023
T35H,35,T,H,6.4946,4.8653
T35I,35,T,I,6.429,4.8296
T35K,35,T,K,6.864,5.1366
T35L,35,T,L,6.2875,4.6842
T35M,35,T,M,7.2127,5.4296
T35N,35,T,N,5.1849,3.809
T35P,35,T,P,6.3959,4.7645
T35Q,35,T,Q,6.1951,4.587
T35R,35,T,R,6.3522,4.7893
T35S,35,T,S,4.6133,3.4875
T35V,35,T,V,6.2449,4.6764
T35W,35,T,W,8.0587,6.1248
T35Y,35,T,Y,6.3907,4.8093
I36A,36,I,A,4.0321,1.6541
I36C,36,I,C,5.9707,2.2645
I36D,36,I,D,5.7633,2.2649
I36E,36,I,E,5.7154,2.2568
I36F,36,I,F,4.8962,1.991
I36G,36,I,G,5.4058,2.139
I36H,36,I,H,5.9356,2.3292
I36K,36,I,K,4.3643,1.6674
I36L,36,I,L,1.7572,0.8771
I36M,36,I,M,4.7457,1.9192
I36N,36,I,N,5.8595,2.2903
I36P,36,I,P,5.8541,2.3076
I36Q,36,I,Q,5.5697,2.1683
I36R,36,I,R,5.6738,2.1918
I36S,36,I,S,4.7326,1.957
I36T,36,I,T,4.0097,1.6354
I36V,36,I,V,1.8071,0.7176
I36W,36,I,W,6.7201,2.5184
I36Y,36,I,Y,5.6805,2.2402
E37A,37,E,A,5.0772,3.3781
E37C,37,E,C,7.4136,5.1204
E37D,37,E,D,5.8158,3.9939
E37F,37,E,F,6.8727,4.6953
E37G,37,E,G,4.355,3.1002
E37H,37,E,H,7.4554,5.2507
E37I,37,E,I,6.8213,4.7424
E37K,37,E,K,7.0333,4.9449
E37L,37,E,L,6.9184,4.7641
E37M,37,E,M,7.7071,5.4201
E37N,37,E,N,6.844,4.7241
E37P,37,E,P,7.6853,5.3752
E37Q,37,E,Q,5.745,3.9241
E37R,37,E,R,6.0089,4.0595
E37S,37,E,S,5.8954,4.0531
E37T,37,E,T,5.7865,4.08
E37V,37,E,V,6.6318,4.5379
E37W,37,E,W,7.6122,5.2815
E37Y,37,E,Y,6.4912,4.4316
D38A,38,D,A,4.6709,3.4998
D38C,38,D,C,6.2327,4.36
D38E,38,D,E,2.4421,1.7434
D38F,38,D,F,6.4742,4.4814
D38G,38,D,G,5.7361,4.0803
D38H,38,D,H,6.3516,4.412
D38I,38,D,I,6.6142,4.7298
D38K,38,D,K,6.055,4.2437
D38L,38,D,L,5.9393,4.1324
D38M,38,D,M,6.0259,4.0884
D38N,38,D,N,3.4002,2.3752
D38P,38,D,P,6.784,4.7593
D38Q,38,D,Q,5.8137,4.0754
D38R,38,D,R,5.9385,4.1085
D38S,38,D,S,4.6832,3.2811
D38T,38,D,T,5.7061,4.0426
D38V,38,D,V,6.2212,4.4325
D38W,38,D,W,7.2764,5.1062
D38Y,38,D,Y,6.3877,4.4551
S39A,39,S,A,3.0791,1.8658
S39C,39,S,C,3.889,2.5295
S39D,39,S,D,5.1485,3.6554
S39E,39,S,E,4.4323,2.9751
S39F,39,S,F,2.3073,1.4906
S39G,39,S,G,4.6653,3.1509
S39H,39,S,H,4.7633,3.1788
S39I,39,S,I,3.2196,2.1018
S39K,39,S,K,4.6892,3.0345
S39L,39,S,L,3.2839,2.035
S39M,39,S,M,4.3775,2.8009
S39N,39,S,N,3.7417,2.4769
S39P,39,S,P,5.2278,3.5024
S39Q,39,S,Q,4.0533,2.6954
S39R,39,S,R,4.1357,2.6677
S39T,39,S,T,2.5259,1.6648
S39V,39,S,V,3.6276,2.3757
S39W,39,S,W,5.7079,3.75
S39Y,39,S,Y,4.008,2.6468
Y40A,40,Y,A,7.3293,5.9354
Y40C,40,Y,C,6.0752,4.9669
Y40D,40,Y,D,7.5962,6.1132
Y40E,40,Y,E,6.9708,5.6511
Y40F,40,Y,F,3.526,2.9492
Y40G,40,Y,G,7.7722,6.2521
Y40H,40,Y,H,3.916,3.1814
Y40I,40,Y,I,5.4398,4.3162
Y40K,40,Y,K,7.2532,5.8143
Y40L,40,Y,L,5.6036,4.3985
Y40M,40,Y,M,6.9443,5.5496
Y40N,40,Y,N,6.8275,5.4078
Y40P,40,Y,P,7.7433,6.2523
Y40Q,40,Y,Q,6.9304,5.4856
Y40R,40,Y,R,7.3543,5.846
Y40S,40,Y,S,6.8238,5.5239
Y40T,40,Y,T,6.9081,5.6075
Y40V,40,Y,V,6.1836,4.7868
Y40W,40,Y,W,6.7709,5.4537
R41A,41,R,A,5.5029,3.3831
R41C,41,R,C,4.8773,2.8656
R41D,41,R,D,5.5032,3.4515
R41E,41,R,E,4.9523,3.1078
R41F,41,R,F,5.2907,3.1721
R41G,41,R,G,5.9183,3.47
R41H,41,R,H,5.0867,3.058
R41I,41,R,I,4.9767,3.0156
R41K,41,R,K,3.1227,1.7251
R41L,41,R,L,4.0724,2.525
R41M,41,R,M,4.4704,2.6749
R41N,41,R,N,4.729,2.8553
R41P,41,R,P,6.4314,3.8522
R41Q,41,R,Q,3.3927,2.086
R41S,41,R,S,3.4107,2.1927
R41T,41,R,T,3.1915,2.0497
R41V,41,R,V,4.8868,3.0451
R41W,41,R,W,6.6161,3.8404
R41Y,41,R,Y,5.8588,3.4636
K42A,42,K,A,3.5999,2.7658
K42C,42,K,C,4.4694,3.483
K42D,42,K,D,6.1753,4.942
K42E,42,K,E,5.31,4.0943
K42F,42,K,F,5.4201,4.2397
K42G,42,K,G,5.0444,4.0737
K42H,42,K,H,3.6571,2.8471
K42I,42,K,I,4.5347,3.5236
K42L,42,K,L,5.2036,4.0492
K42M,42,K,M,5.2378,4.1389
K42N,42,K,N,4.8752,3.7888
K42P,42,K,P,4.5475,3.5595
K42Q,42,K,Q,4.6262,3.6088
K42R,42,K,R,2.7831,2.194
K42S,42,K,S,4.1545,3.1661
K42T,42,K,T,2.7873,2.1146
K42V,42,K,V,4.3486,3.3228
K42W,42,K,W,5.0964,4.0081
K42Y,42,K,Y,3.7595,2.8893
Q43A,43,Q,A,3.9177,2.1277
Q43C,43,Q,C,4.9696,2.6508
Q43D,43,Q,D,3.7442,2.1041
Q43E,43,Q,E,2.3007,1.2046
Q43F,43,Q,F,5.2065,2.7745
Q43G,43,Q,G,5.7737,3.1112
Q43H,43,Q,H,3.5901,1.8979
Q43I,43,Q,I,4.1632,2.1186
Q43K,43,Q,K,2.9839,1.6997
Q43L,43,Q,L,3.9439,2.072
Q43M,43,Q,M,4.2428,2.2028
Q43N,43,Q,N,3.0427,1.7556
Q43P,43,Q,P,4.1503,2.2851
Q43R,43,Q,R,2.8158,1.5008
Q43S,43,Q,S,3.3362,1.8806
Q43T,43,Q,T,2.6417,1.5772
Q43V,43,Q,V,3.1852,1.5629
Q43W,43,Q,W,6.062,3.2402
Q43Y,43,Q,Y,5.0604,2.704
V44A,44,V,A,0.8992,0.8463
V44C,44,V,C,0.13,0.2204
V44D,44,V,D,3.7018,3.4541
V44E,44,V,E,3.3762,3.1209
V44F,44,V,F,1.7101,1.462
V44G,44,V,G,4.5313,4.1688
V44H,44,V,H,4.5138,4.1997
V44I,44,V,I,0.7163,0.56
V44K,44,V,K,3.7097,3.387
V44L,44,V,L,0.8627,0.7208
V44M,44,V,M,2.153,1.911
V44N,44,V,N,4.4634,4.1291
V44P,44,V,P,3.7829,3.4564
V44Q,44,V,Q,3.9594,3.6819
V44R,44,V,R,2.6541,2.528
V44S,44,V,S,3.2464,3.0015
V44T,44,V,T,0.7925,0.7865
V44W,44,V,W,3.5957,3.4964
V44Y,44,V,Y,2.9048,2.4989
V45A,45,V,A,3.0761,1.6185
V45C,45,V,C,3.6193,1.9001
V45D,45,V,D,1.821,1.094
V45E,45,V,E,0.9238,0.6912
V45F,45,V,F,4.0041,2.1398
V45G,45,V,G,4.6828,2.5103
V45H,45,V,H,3.5341,1.9385
V45I,45,V,I,1.8201,0.9043
V45K,45,V,K,2.6544,1.5774
V45L,45,V,L,2.0809,1.2106
V45M,45,V,M,2.6902,1.4136
V45N,45,V,N,2.1261,1.1268
V45P,45,V,P,3.0934,1.5829
V45Q,45,V,Q,2.2347,1.3669
V45R,45,V,R,3.2223,1.8174
V45S,45,V,S,1.9653,1.0946
V45T,45,V,T,1.382,0.8603
V45W,45,V,W,5.0443,2.6372
V45Y,45,V,Y,4.4096,2.4632
I46A,46,I,A,4.0488,3.5821
I46C,46,I,C,4.2133,3.6806
I46D,46,I,D,6.1513,5.5855
I46E,46,I,E,5.784,5.2696
I46F,46,I,F,3.8903,3.3911
I46G,46,I,G,6.0051,5.4187
I46H,46,I,H,4.9947,4.4769
I46K,46,I,K,5.0749,4.6984
I46L,46,I,L,0.975,0.8868
I46M,46,I,M,3.7818,3.4607
I46N,46,I,N,4.9213,4.4711
I46P,46,I,P,5.1956,4.7837
I46Q,46,I,Q,5.4907,4.9838
I46R,46,I,R,5.0174,4.5844
I46S,46,I,S,4.3739,3.8874
I46T,46,I,T,4.2925,3.6545
I46V,46,I,V,-0.321,-0.2088
I46W,46,I,W,5.3162,4.7143
I46Y,46,I,Y,4.8915,4.2778
D47A,47,D,A,5.2094,2.9713
D47C,47,D,C,6.8819,3.7877
D47E,47,D,E,3.2952,1.9473
D47F,47,D,F,6.962,3.8653
D47G,47,D,G,4.5998,2.5397
D47H,47,D,H,5.6719,3.178
D47I,47,D,I,7.1433,3.892
D47K,47,D,K,5.1325,2.9982
D47L,47,D,L,6.3578,3.4187
D47M,47,D,M,6.7919,3.7022
D47N,47,D,N,3.0862,1.8771
D47P,47,D,P,5.3407,2.9486
D47Q,47,D,Q,5.2798,3.005
D47R,47,D,R,4.7492,2.8121
D47S,47,D,S,4.7597,2.7716
D47T,47,D,T,5.3075,2.8965
D47V,47,D,V,7.1503,3.9133
D47W,47,D,W,7.4527,4.0443
D47Y,47,D,Y,6.7373,3.7294
G48A,48,G,A,3.7462,1.2151
G48C,48,G,C,4.8211,1.5293
G48D,48,G,D,0.5289,0.0066
G48E,48,G,E,1.1819,0.2128
G48F,48,G,F,4.8998,1.5744
G48H,48,G,H,3.7978,1.2294
G48I,48,G,I,5.0127,1.6202
G48K,48,G,K,2.6538,0.9245
G48L,48,G,L,4.795,1.5596
G48M,48,G,M,5.1146,1.632
G48N,48,G,N,0.7555,0.1116
G48P,48,G,P,4.1254,1.3837
G48Q,48,G,Q,2.9332,0.9039
G48R,48,G,R,3.85,1.3242
G48S,48,G,S,2.1589,0.6951
G48T,48,G,T,2.9003,0.9487
G48V,48,G,V,4.9902,1.5948
G48W,48,G,W,5.2515,1.7024
G48Y,48,G,Y,4.8304,1.549
E49A,49,E,A,3.9733,2.5084
E49C,49,E,C,5.1344,3.1628
E49D,49,E,D,2.8977,1.7695
E49F,49,E,F,5.1451,3.1323
E49G,49,E,G,5.4081,3.2369
E49H,49,E,H,3.542,2.2086
E49I,49,E,I,3.4373,2.1922
E49K,49,E,K,1.89,1.3607
E49L,49,E,L,3.8614,2.4512
E49M,49,E,M,4.9634,3.0419
E49N,49,E,N,2.5922,1.6891
E49P,49,E,P,5.7409,3.4465
E49Q,49,E,Q,1.6017,1.0526
E49R,49,E,R,2.4234,1.6121
E49S,49,E,S,3.0852,1.9587
E49T,49,E,T,3.1392,2.0703
E49V,49,E,V,2.8336,1.9182
E49W,49,E,W,5.7764,3.4466
E49Y,49,E,Y,5.1398,3.1245
T50A,50,T,A,0.229,0.1395
T50C,50,T,C,2.931,1.6275
T50D,50,T,D,1.3785,0.896
T50E,50,T,E,0.2592,0.1934
T50F,50,T,F,2.9734,1.7321
T50G,50,T,G,3.0869,1.7032
T50H,50,T,H,2.1112,1.2666
T50I,50,T,I,2.0681,1.1382
T50K,50,T,K,2.0316,1.2744
T50L,50,T,L,1.7317,0.9893
T50M,50,T,M,1.1891,0.6265
T50N,50,T,N,2.1006,1.3024
T50P,50,T,P,-1.1457,-0.6631
T50Q,50,T,Q,1.252,0.8322
T50R,50,T,R,1.9406,1.1543
T50S,50,T,S,0.2074,0.0716
T50V,50,T,V,0.6989,0.3786
T50W,50,T,W,3.131,1.7248
T50Y,50,T,Y,3.2472,1.8999
C51A,51,C,A,1.7132,1.4251
C51D,51,C,D,6.9767,6.3735
C51E,51,C,E,6.9873,6.2914
C51F,51,C,F,5.0653,4.428
C51G,51,C,G,5.6632,5.1555
C51H,51,C,H,4.703,4.2314
C51I,51,C,I,3.4829,2.9657
C51K,51,C,K,6.6081,6.0103
C51L,51,C,L,4.8919,4.2729
C51M,51,C,M,5.9461,5.3233
C51N,51,C,N,6.716,6.0913
C51P,51,C,P,7.0338,6.4199
C51Q,51,C,Q,6.37,5.7559
C51R,51,C,R,6.0296,5.4835
C51S,51,C,S,3.338,3.0119
C51T,51,C,T,4.0346,3.5155
C51V,51,C,V,2.7898,2.2891
C51W,51,C,W,6.0885,5.5528
C51Y,51,C,Y,3.4993,3.0139
L52A,52,L,A,3.6964,2.8057
L52C,52,L,C,4.2748,3.401
L52D,52,L,D,3.7222,2.9314
L52E,52,L,E,3.2991,2.4941
L52F,52,L,F,3.142,2.5733
L52G,52,L,G,4.8112,3.8665
L52H,52,L,H,3.2916,2.5675
L52I,52,L,I,1.3235,0.9804
L52K,52,L,K,2.6665,1.9374
L52M,52,L,M,1.0973,0.8757
L52N,52,L,N,2.98,2.3958
L52P,52,L,P,4.9848,3.9845
L52Q,52,L,Q,1.9302,1.3792
L52R,52,L,R,2.3786,1.6714
L52S,52,L,S,2.5079,2.0161
L52T,52,L,T,2.0205,1.4417
L52V,52,L,V,1.7487,1.2481
L52W,52,L,W,5.3779,4.3522
L52Y,52,L,Y,3.7759,3.0713
L53A,53,L,A,5.4088,5.0875
L53C,53,L,C,5.6764,5.4384
L53D,53,L,D,7.8637,7.5911
L53E,53,L,E,7.8118,7.5357
L53F,53,L,F,3.9817,3.7624
L53G,53,L,G,7.2633,7.0043
L53H,53,L,H,7.6964,7.4287
L53I,53,L,I,2.7727,2.6717
L53K,53,L,K,7.8149,7.5413
L53M,53,L,M,4.8576,4.6761
L53N,53,L,N,7.5196,7.2541
L53P,53,L,P,7.6171,7.348
L53Q,53,L,Q,7.6046,7.334
L53R,53,L,R,7.8012,7.5296
L53S,53,L,S,6.9759,6.7057
L53T,53,L,T,5.3903,5.1294
L53V,53,L,V,2.3716,2.3027
L53W,53,L,W,7.5308,7.259
L53Y,53,L,Y,6.6684,6.3683
D54A,54,D,A,6.2499,5.3332
D54C,54,D,C,6.8249,5.8589
D54E,54,D,E,1.3247,1.0877
D54F,54,D,F,7.2092,6.1475
D54G,54,D,G,6.4163,5.466
D54H,54,D,H,4.9947,4.1391
D54I,54,D,I,6.6737,5.7122
D54K,54,D,K,4.8768,3.9646
D54L,54,D,L,5.4168,4.4671
D54M,54,D,M,6.6534,5.7029
D54N,54,D,N,3.6438,2.9907
D54P,54,D,P,7.7888,6.713
D54Q,54,D,Q,4.7413,3.9909
D54R,54,D,R,5.0277,4.2021
D54S,54,D,S,4.3284,3.5598
D54T,54,D,T,5.8838,4.9373
D54V,54,D,V,6.2524,5.3298
D54W,54,D,W,7.4697,6.4214
D54Y,54,D,Y,6.335,5.4269
I55A,55,I,A,6.7564,6.575
I55C,55,I,C,7.1071,6.852
I55D,55,I,D,8.4713,8.1906
I55E,55,I,E,8.2526,7.9922
I55F,55,I,F,5.5109,5.1606
I55G,55,I,G,8.3368,8.0758
I55H,55,I,H,8.3051,8.0383
I55K,55,I,K,8.5913,8.3123
I55L,55,I,L,3.536,3.2583
I55M,55,I,M,6.3707,6.0955
I55N,55,I,N,8.4798,8.1939
I55P,55,I,P,7.9565,7.6924
I55Q,55,I,Q,8.5356,8.2578
I55R,55,I,R,8.422,8.1507
I55S,55,I,S,7.9073,7.6522
I55T,55,I,T,7.1261,6.8722
I55V,55,I,V,1.6626,1.6057
I55W,55,I,W,8.6115,8.3342
I55Y,55,I,Y,7.4147,7.1646
L56A,56,L,A,5.7473,4.8605
L56C,56,L,C,6.4462,5.4962
L56D,56,L,D,7.5101,6.39
L56E,56,L,E,7.2804,6.1989
L56F,56,L,F,4.3742,3.6753
L56G,56,L,G,7.4274,6.3245
L56H,56,L,H,5.8365,4.857
L56I,56,L,I,3.5926,3.0249
L56K,56,L,K,6.8157,5.7537
L56M,56,L,M,4.5247,3.6656
L56N,56,L,N,6.7253,5.6881
L56P,56,L,P,7.7918,6.6295
L56Q,56,L,Q,6.4644,5.4718
L56R,56,L,R,5.9919,5.0547
L56S,56,L,S,6.306,5.3159
L56T,56,L,T,4.7922,4.0181
L56V,56,L,V,3.6807,3.0749
L56W,56,L,W,5.8491,4.7849
L56Y,56,L,Y,4.3778,3.7296
D57A,57,D,A,8.0636,7.6731
D57C,57,D,C,8.3069,7.8981
D57E,57,D,E,5.3104,5.0101
D57F,57,D,F,8.6046,8.2045
D57G,57,D,G,7.7022,7.321
D57H,57,D,H,8.1513,7.7534
D57I,57,D,I,8.4317,8.0343
D57K,57,D,K,8.0723,7.6972
D57L,57,D,L,8.2925,7.9155
D57M,57,D,M,8.71,8.3038
D57N,57,D,N,6.7802,6.4183
D57P,57,D,P,7.8189,7.4837
D57Q,57,D,Q,8.2031,7.8231
D57R,57,D,R,8.4029,8.0061
D57S,57,D,S,7.6373,7.26
D57T,57,D,T,7.5951,7.2067
D57V,57,D,V,7.8749,7.4906
D57W,57,D,W,8.8768,8.4642
D57Y,57,D,Y,7.9954,7.6159
T58A,58,T,A,5.0122,4.8284
T58C,58,T,C,6.2511,5.9925
T58D,58,T,D,7.9915,7.7048
T58E,58,T,E,7.013,6.7195
T58F,58,T,F,7.2516,6.926
T58G,58,T,G,7.5191,7.214
T58H,58,T,H,7.8842,7.5358
T58I,58,T,I,5.3181,5.032
T58K,58,T,K,8.021,7.7182
T58L,58,T,L,5.6256,5.4265
T58M,58,T,M,5.8906,5.7074
T58N,58,T,N,7.1737,6.8837
T58P,58,T,P,6.7086,6.3953
T58Q,58,T,Q,7.6998,7.4083
T58R,58,T,R,7.5214,7.2322
T58S,58,T,S,3.9846,3.8029
T58V,58,T,V,5.3509,5.072
T58W,58,T,W,8.2887,7.9732
T58Y,58,T,Y,7.4116,7.1052
A59C,59,A,C,5.6406,4.5756
A59D,59,A,D,6.7783,5.5912
A59E,59,A,E,6.2483,5.3003
A59F,59,A,F,6.9591,5.6804
A59G,59,A,G,3.9938,3.1657
A59H,59,A,H,7.3389,6.038
A59I,59,A,I,6.9227,5.7352
A59K,59,A,K,7.4222,6.1454
A59L,59,A,L,6.9615,5.756
A59M,59,A,M,7.4399,6.1095
A59N,59,A,N,6.7642,5.5974
A59P,59,A,P,5.2256,4.2595
A59Q,59,A,Q,6.751,5.563
A59R,59,A,R,6.7952,5.5657
A59S,59,A,S,3.7414,3.1689
A59T,59,A,T,4.5743,3.8677
A59V,59,A,V,5.4949,4.4105
A59W,59,A,W,8.075,6.5663
A59Y,59,A,Y,6.4834,5.3516
G60A,60,G,A,5.66,4.6865
G60C,60,G,C,6.6215,5.4873
G60D,60,G,D,5.9795,4.9327
G60E,60,G,E,6.3939,5.2861
G60F,60,G,F,7.0898,5.9034
G60H,60,G,H,7.1489,5.9528
G60I,60,G,I,7.2067,6.0014
G60K,60,G,K,6.9403,5.7749
G60L,60,G,L,6.875,5.7372
G60M,60,G,M,7.369,6.1415
G60N,60,G,N,6.33,5.2355
G60P,60,G,P,6.3253,5.248
G60Q,60,G,Q,7.1982,5.9844
G60R,60,G,R,6.7028,5.5677
G60S,60,G,S,5.1985,4.2829
G60T,60,G,T,6.6468,5.5079
G60V,60,G,V,6.7651,5.6336
G60W,60,G,W,7.147,5.9525
G60Y,60,G,Y,7.0634,5.8504
Q61A,61,Q,A,3.8364,2.3469
Q61C,61,Q,C,5.2477,3.1305
Q61D,61,Q,D,4.2484,2.6643
Q61E,61,Q,E,3.3643,2.108
Q61F,61,Q,F,5.6215,3.3287
Q61G,61,Q,G,4.3292,2.6286
Q61H,61,Q,H,3.6186,2.1691
Q61I,61,Q,I,4.2618,2.5171
Q61K,61,Q,K,3.9952,2.4956
Q61L,61,Q,L,3.7198,2.2827
Q61M,61,Q,M,4.087,2.3638
Q61N,61,Q,N,4.112,2.5501
Q61P,61,Q,P,5.0572,3.0917
Q61R,61,Q,R,4.4075,2.6856
Q61S,61,Q,S,3.1833,2.0645
Q61T,61,Q,T,3.3908,2.0522
Q61V,61,Q,V,4.1837,2.4734
Q61W,61,Q,W,6.0838,3.5385
Q61Y,61,Q,Y,5.4808,3.2942
E62A,62,E,A,3.852,3.0558
E62C,62,E,C,5.4685,4.3893
E62D,62,E,D,1.0871,0.9781
E62F,62,E,F,4.9763,3.9654
E62G,62,E,G,4.0174,3.2275
E62H,62,E,H,4.3022,3.3034
E62I,62,E,I,4.7973,3.8332
E62K,62,E,K,4.1178,3.2247
E62L,62,E,L,4.6724,3.7222
E62M,62,E,M,4.9691,3.9801
E62N,62,E,N,4.2224,3.2901
E62P,62,E,P,3.4203,2.6905
E62Q,62,E,Q,3.4424,2.7944
E62R,62,E,R,4.6476,3.56
E62S,62,E,S,3.3463,2.6084
E62T,62,E,T,3.9861,3.1389
E62V,62,E,V,4.394,3.5528
E62W,62,E,W,5.7198,4.5869
E62Y,62,E,Y,4.3842,3.4604
E63A,63,E,A,2.2779,0.7193
E63C,63,E,C,3.7046,1.2127
E63D,63,E,D,-0.0682,-0.1328
E63F,63,E,F,2.8669,0.8753
E63G,63,E,G,2.5887,0.8784
E63H,63,E,H,3.102,1.037
E63I,63,E,I,2.627,0.8971
E63K,63,E,K,0.5009,-0.16
E63L,63,E,L,2.7795,0.9589
E63M,63,E,M,3.0446,0.8749
E63N,63,E,N,2.7926,0.918
E63P,63,E,P,3.7741,1.3624
E63Q,63,E,Q,1.8391,0.4932
E63R,63,E,R,-0.7802,-0.7718
E63S,63,E,S,2.4858,0.8336
E63T,63,E,T,2.3195,0.6696
E63V,63,E,V,2.725,0.845
E63W,63,E,W,4.2403,1.4059
E63Y,63,E,Y,3.0079,0.9529
Y64A,64,Y,A,3.9607,1.444
Y64C,64,Y,C,3.7976,1.3928
Y64D,64,Y,D,3.4893,1.2979
Y64E,64,Y,E,4.0437,1.4845
Y64F,64,Y,F,0.8168,0.3142
Y64G,64,Y,G,3.6315,1.313
Y64H,64,Y,H,3.4955,1.2868
Y64I,64,Y,I,3.8046,1.389
Y64K,64,Y,K,3.9982,1.4508
Y64L,64,Y,L,2.9044,1.0717
Y64M,64,Y,M,3.9258,1.4416
Y64N,64,Y,N,3.4139,1.2504
Y64P,64,Y,P,4.5619,1.679
Y64Q,64,Y,Q,4.3309,1.5946
Y64R,64,Y,R,4.4139,1.6182
Y64S,64,Y,S,3.4866,1.2678
Y64T,64,Y,T,3.5132,1.2859
Y64V,64,Y,V,3.8038,1.3844
Y64W,64,Y,W,3.389,1.2485
S65A,65,S,A,0.7981,0.4112
S65C,65,S,C,2.8438,1.416
S65D,65,S,D,0.4445,0.234
S65E,65,S,E,0.7662,0.3838
S65F,65,S,F,2.6757,1.3352
S65G,65,S,G,2.0082,0.9325
S65H,65,S,H,0.4074,0.2592
S65I,65,S,I,2.6306,1.3183
S65K,65,S,K,0.7346,0.3836
S65L,65,S,L,2.0675,1.0299
S65M,65,S,M,2.7588,1.3823
S65N,65,S,N,1.4874,0.7426
S65P,65,S,P,1.0675,0.5584
S65Q,65,S,Q,1.3462,0.6715
S65R,65,S,R,-0.7051,-0.2858
S65T,65,S,T,0.7239,0.3832
S65V,65,S,V,2.6126,1.2973
S65W,65,S,W,3.274,1.6331
S65Y,65,S,Y,2.5345,1.2641
A66C,66,A,C,3.0774,1.3342
A66D,66,A,D,2.2377,1.0026
A66E,66,A,E,2.198,1.0011
A66F,66,A,F,3.2884,1.4113
A66G,66,A,G,2.3212,1.035
A66H,66,A,H,2.9059,1.2518
A66I,66,A,I,1.7277,0.7238
A66K,66,A,K,1.7872,0.7806
A66L,66,A,L,2.1167,0.9093
A66M,66,A,M,3.1003,1.3146
A66N,66,A,N,2.1172,0.9169
A66P,66,A,P,2.4753,1.0702
A66Q,66,A,Q,2.6087,1.1326
A66R,66,A,R,2.8074,1.2606
A66S,66,A,S,0.8599,0.4077
A66T,66,A,T,2.0528,0.9304
A66V,66,A,V,1.4999,0.6133
A66W,66,A,W,3.4686,1.4704
A66Y,66,A,Y,3.2519,1.3833
M67A,67,M,A,4.2853,2.7072
M67C,67,M,C,5.5068,3.445
M67D,67,M,D,5.5688,3.4973
M67E,67,M,E,5.3911,3.392
M67F,67,M,F,3.5529,2.2416
M67G,67,M,G,5.7033,3.6048
M67H,67,M,H,5.384,3.4058
M67I,67,M,I,1.823,1.2532
M67K,67,M,K,4.4794,2.8776
M67L,67,M,L,1.0562,0.7455
M67N,67,M,N,4.9801,3.1037
M67P,67,M,P,5.0726,3.2315
M67Q,67,M,Q,5.3533,3.406
M67R,67,M,R,5.2073,3.3208
M67S,67,M,S,4.7593,3.056
M67T,67,M,T,3.9982,2.5736
M67V,67,M,V,2.6718,1.707
M67W,67,M,W,5.2557,3.3001
M67Y,67,M,Y,4.7818,3.0034
R68A,68,R,A,4.7468,3.7947
R68C,68,R,C,6.4015,5.1036
R68D,68,R,D,5.6712,4.4912
R68E,68,R,E,5.2048,4.2046
R68F,68,R,F,5.9135,4.7393
R68G,68,R,G,6.7157,5.2649
R68H,68,R,H,5.7648,4.5379
R68I,68,R,I,5.4257,4.2443
R68K,68,R,K,4.3013,3.3882
R68L,68,R,L,4.1143,3.2797
R68M,68,R,M,5.3304,4.2666
R68N,68,R,N,5.5524,4.3426
R68P,68,R,P,5.645,4.3943
R68Q,68,R,Q,4.2689,3.4085
R68S,68,R,S,4.2305,3.2426
R68T,68,R,T,4.3801,3.4383
R68V,68,R,V,4.1746,3.2198
R68W,68,R,W,5.6294,4.5316
R68Y,68,R,Y,6.1341,4.8841
D69A,69,D,A,3.3747,2.6603
D69C,69,D,C,6.171,4.8326
D69E,69,D,E,0.3011,0.3105
D69F,69,D,F,5.7036,4.4505
D69G,69,D,G,4.6669,3.6271
D69H,69,D,H,5.1494,4.008
D69I,69,D,I,5.7492,4.511
D69K,69,D,K,3.7968,2.9122
D69L,69,D,L,5.7064,4.4709
D69M,69,D,M,5.6263,4.4058
D69N,69,D,N,4.7186,3.6127
D69P,69,D,P,4.0406,3.1299
D69Q,69,D,Q,3.7657,2.9503
D69R,69,D,R,4.0934,3.1462
D69S,69,D,S,4.3864,3.4341
D69T,69,D,T,3.7536,2.9041
D69V,69,D,V,5.631,4.4695
D69W,69,D,W,6.5427,5.1433
D69Y,69,D,Y,5.591,4.4112
Q70A,70,Q,A,3.7814,2.3893
Q70C,70,Q,C,4.9077,2.9021
Q70D,70,Q,D,4.0878,2.4701
Q70E,70,Q,E,3.8796,2.3708
Q70F,70,Q,F,4.6151,2.8172
Q70G,70,Q,G,3.1662,1.748
Q70H,70,Q,H,3.224,1.943
Q70I,70,Q,I,3.2678,1.9957
Q70K,70,Q,K,3.4336,2.0745
Q70L,70,Q,L,1.0184,0.8014
Q70M,70,Q,M,3.3113,2.0424
Q70N,70,Q,N,2.9557,1.8107
Q70P,70,Q,P,4.2839,2.5473
Q70R,70,Q,R,3.1588,1.9256
Q70S,70,Q,S,2.7099,1.7222
Q70T,70,Q,T,3.2037,1.9864
Q70V,70,Q,V,3.403,2.0209
Q70W,70,Q,W,5.402,3.1765
Q70Y,70,Q,Y,4.5315,2.7202
Y71A,71,Y,A,5.4913,4.7024
Y71C,71,Y,C,5.0521,4.311
Y71D,71,Y,D,6.7433,5.9947
Y71E,71,Y,E,7.2548,6.4666
Y71F,71,Y,F,3.5342,3.2197
Y71G,71,Y,G,5.9544,5.3948
Y71H,71,Y,H,4.6464,4.0501
Y71I,71,Y,I,5.6585,4.9933
Y71K,71,Y,K,6.8682,6.1494
Y71L,71,Y,L,5.3895,4.692
Y71M,71,Y,M,6.9563,6.2468
Y71N,71,Y,N,5.9906,5.3226
Y71P,71,Y,P,7.4534,6.7062
Y71Q,71,Y,Q,6.1474,5.5237
Y71R,71,Y,R,6.6645,5.9833
Y71S,71,Y,S,4.4058,3.6386
Y71T,71,Y,T,6.1333,5.3563
Y71V,71,Y,V,5.7315,4.9949
Y71W,71,Y,W,3.1543,2.9982
M72A,72,M,A,5.6795,4.9763
M72C,72,M,C,6.4762,5.8157
M72D,72,M,D,7.5275,6.8441
M72E,72,M,E,7.1243,6.4503
M72F,72,M,F,2.8098,2.3259
M72G,72,M,G,7.0475,6.4128
M72H,72,M,H,6.6281,5.9811
M72I,72,M,I,2.1788,1.7898
M72K,72,M,K,6.9823,6.3389
M72L,72,M,L,2.6541,2.1084
M72N,72,M,N,6.8191,6.1352
M72P,72,M,P,7.4201,6.7647
M72Q,72,M,Q,7.4797,6.7809
M72R,72,M,R,7.3028,6.625
M72S,72,M,S,6.1879,5.534
M72T,72,M,T,5.7777,5.1766
M72V,72,M,V,4.4472,3.9324
M72W,72,M,W,7.2286,6.5194
M72Y,72,M,Y,3.5079,3.0093
R73A,73,R,A,3.2515,1.7988
R73C,73,R,C,5.3455,2.744
R73D,73,R,D,4.6217,2.5451
R73E,73,R,E,4.3521,2.4143
R73F,73,R,F,4.9648,2.5185
R73G,73,R,G,5.0408,2.6875
R73H,73,R,H,3.8204,2.0129
R73I,73,R,I,3.7694,1.882
R73K,73,R,K,1.8021,0.854
R73L,73,R,L,3.003,1.4178
R73M,73,R,M,4.6117,2.329
R73N,73,R,N,4.217,2.2421
R73P,73,R,P,5.8402,3.1493
R73Q,73,R,Q,3.0374,1.6201
R73S,73,R,S,3.285,1.7154
R73T,73,R,T,4.2263,2.2123
R73V,73,R,V,4.2527,2.1453
R73W,73,R,W,5.9131,2.9957
R73Y,73,R,Y,4.4793,2.2516
T74A,74,T,A,1.8856,1.3755
T74C,74,T,C,2.597,1.8018
T74D,74,T,D,1.3916,1.3955
T74E,74,T,E,1.5779,1.3672
T74F,74,T,F,2.6791,1.8392
T74G,74,T,G,1.7015,1.4484
T74H,74,T,H,2.4355,1.768
T74I,74,T,I,2.5766,1.8047
T74K,74,T,K,1.3929,1.2129
T74L,74,T,L,2.9336,1.9691
T74M,74,T,M,3.3578,2.2757
T74N,74,T,N,0.8,0.7809
T74P,74,T,P,3.9539,2.7101
T74Q,74,T,Q,1.8393,1.3018
T74R,74,T,R,2.4256,1.9321
T74S,74,T,S,-0.0941,0.1087
T74V,74,T,V,2.9438,1.9914
T74W,74,T,W,1.7353,1.3132
T74Y,74,T,Y,3.2937,2.263
G75A,75,G,A,3.9294,3.6474
G75C,75,G,C,5.8327,5.4228
G75D,75,G,D,8.7567,8.1067
G75E,75,G,E,8.62,8.0048
G75F,75,G,F,8.4299,7.8178
G75H,75,G,H,8.247,7.6756
G75I,75,G,I,7.7755,7.0065
G75K,75,G,K,8.1027,7.4442
G75L,75,G,L,7.8087,7.2346
G75M,75,G,M,7.9397,7.3993
G75N,75,G,N,7.1831,6.6558
G75P,75,G,P,7.5633,6.9182
G75Q,75,G,Q,8.2046,7.6131
G75R,75,G,R,6.9296,6.416
G75S,75,G,S,4.809,4.5123
G75T,75,G,T,5.9618,5.418
G75V,75,G,V,6.9454,6.4408
G75W,75,G,W,9.0075,8.3285
G75Y,75,G,Y,8.2902,7.7079
E76A,76,E,A,4.548,3.8091
E76C,76,E,C,6.0657,4.9776
E76D,76,E,D,0.1768,0.3189
E76F,76,E,F,5.5329,4.4919
E76G,76,E,G,5.655,4.7291
E76H,76,E,H,2.4432,2.0222
E76I,76,E,I,5.1197,4.1574
E76K,76,E,K,3.852,3.1101
E76L,76,E,L,4.5106,3.6234
E76M,76,E,M,4.7157,3.7171
E76N,76,E,N,2.979,2.5903
E76P,76,E,P,6.1306,4.9995
E76Q,76,E,Q,1.3833,1.1312
E76R,76,E,R,4.3222,3.5023
E76S,76,E,S,4.0354,3.4167
E76T,76,E,T,5.3072,4.3895
E76V,76,E,V,4.961,3.8793
E76W,76,E,W,6.6901,5.4489
E76Y,76,E,Y,5.7506,4.6867
G77A,77,G,A,3.9017,3.7944
G77C,77,G,C,6.7913,6.7164
G77D,77,G,D,8.6847,8.5145
G77E,77,G,E,8.9276,8.7526
G77F,77,G,F,7.3398,7.2485
G77H,77,G,H,8.7094,8.5431
G77I,77,G,I,5.5753,5.5333
G77K,77,G,K,8.9248,8.7502
G77L,77,G,L,5.0165,4.9431
G77M,77,G,M,6.1219,6.0312
G77N,77,G,N,8.7727,8.5991
G77P,77,G,P,8.9345,8.7572
G77Q,77,G,Q,8.7767,8.612
G77R,77,G,R,8.6983,8.528
G77S,77,G,S,6.7983,6.6766
G77T,77,G,T,7.5727,7.4314
G77V,77,G,V,5.5677,5.547
G77W,77,G,W,8.84,8.667
G77Y,77,G,Y,8.0313,7.9046
F78A,78,F,A,6.4954,6.3936
F78C,78,F,C,9.0994,8.9261
F78D,78,F,D,9.7936,9.5536
F78E,78,F,E,10.0409,9.8109
F78G,78,F,G,8.1893,7.9792
F78H,78,F,H,9.7337,9.5049
F78I,78,F,I,6.2187,6.0488
F78K,78,F,K,9.9734,9.752
F78L,78,F,L,6.5952,6.4505
F78M,78,F,M,8.0166,7.8922
F78N,78,F,N,9.8479,9.6257
F78P,78,F,P,9.9365,9.7148
F78Q,78,F,Q,9.6285,9.3976
F78R,78,F,R,9.8918,9.6671
F78S,78,F,S,8.7696,8.5653
F78T,78,F,T,8.8886,8.6978
F78V,78,F,V,6.4313,6.2676
F78W,78,F,W,9.5734,9.3384
F78Y,78,F,Y,6.2879,5.9599
L79A,79,L,A,3.708,3.6841
L79C,79,L,C,5.2647,5.2483
L79D,79,L,D,7.4999,7.4646
L79E,79,L,E,7.4307,7.3966
L79F,79,L,F,4.0776,4.0686
L79G,79,L,G,6.8948,6.8769
L79H,79,L,H,7.5668,7.5308
L79I,79,L,I,2.1853,2.1845
L79K,79,L,K,7.3532,7.3182
L79M,79,L,M,2.0528,2.0484
L79N,79,L,N,7.434,7.4009
L79P,79,L,P,7.371,7.3343
L79Q,79,L,Q,7.5915,7.5552
L79R,79,L,R,7.2839,7.251
L79S,79,L,S,7.3041,7.272
L79T,79,L,T,7.1257,7.0942
L79V,79,L,V,1.9195,1.9043
L79W,79,L,W,6.5952,6.5767
L79Y,79,L,Y,6.8868,6.8526
C80A,80,C,A,2.4316,2.4001
C80D,80,C,D,5.2241,5.1861
C80E,80,C,E,5.1595,5.1211
C80F,80,C,F,1.421,1.3869
C80G,80,C,G,4.4442,4.4045
C80H,80,C,H,4.8031,4.7648
C80I,80,C,I,0.4804,0.4775
C80K,80,C,K,5.1525,5.1147
C80L,80,C,L,-1.5165,-1.5315
C80M,80,C,M,2.0423,1.9851
C80N,80,C,N,5.1503,5.1127
C80P,80,C,P,5.1794,5.1415
C80Q,80,C,Q,5.0777,5.0392
C80R,80,C,R,5.1097,5.0707
C80S,80,C,S,4.732,4.6945
C80T,80,C,T,4.4998,4.4581
C80V,80,C,V,1.1167,1.0901
C80W,80,C,W,5.0368,4.9992
C80Y,80,C,Y,2.1251,2.0898
V81A,81,V,A,4.4471,4.4799
V81C,81,V,C,3.5165,3.5301
V81D,81,V,D,8.0005,7.9709
V81E,81,V,E,7.8845,7.8577
V81F,81,V,F,5.9606,5.9625
V81G,81,V,G,6.5746,6.572
V81H,81,V,H,7.8224,7.7941
V81I,81,V,I,3.1602,3.1895
V81K,81,V,K,7.9626,7.934
V81L,81,V,L,3.2835,3.2973
V81M,81,V,M,4.8298,4.8559
V81N,81,V,N,7.4884,7.4691
V81P,81,V,P,7.7638,7.7389
V81Q,81,V,Q,7.8449,7.819
V81R,81,V,R,7.5752,7.552
V81S,81,V,S,6.5109,6.503
V81T,81,V,T,4.0021,4.009
V81W,81,V,W,7.9246,7.8965
V81Y,81,V,Y,7.6838,7.6579
F82A,82,F,A,6.1918,5.9387
F82C,82,F,C,5.68,5.4713
F82D,82,F,D,7.961,7.7362
F82E,82,F,E,7.9027,7.681
F82G,82,F,G,7.057,6.8286
F82H,82,F,H,6.5525,6.3743
F82I,82,F,I,5.816,5.673
F82K,82,F,K,7.7013,7.4858
F82L,82,F,L,5.4224,5.3059
F82M,82,F,M,6.3937,6.2097
F82N,82,F,N,7.8113,7.5846
F82P,82,F,P,7.7155,7.5043
F82Q,82,F,Q,7.6047,7.382
F82R,82,F,R,7.7349,7.5254
F82S,82,F,S,7.1667,6.9547
F82T,82,F,T,6.6679,6.4624
F82V,82,F,V,5.7151,5.5625
F82W,82,F,W,6.85,6.68
F82Y,82,F,Y,1.6719,1.4815
A83C,83,A,C,5.1458,4.7438
A83D,83,A,D,-0.0579,-0.1003
A83E,83,A,E,4.4519,4.0978
A83F,83,A,F,6.2059,5.7852
A83G,83,A,G,3.779,3.4676
A83H,83,A,H,6.0197,5.604
A83I,83,A,I,6.1578,5.7404
A83K,83,A,K,5.6933,5.2527
A83L,83,A,L,5.6269,5.2279
A83M,83,A,M,5.776,5.3496
A83N,83,A,N,3.2355,2.8194
A83P,83,A,P,5.6542,5.2578
A83Q,83,A,Q,5.9701,5.5553
A83R,83,A,R,5.2356,4.8335
A83S,83,A,S,0.2119,-0.0583
A83T,83,A,T,4.4579,4.101
A83V,83,A,V,5.8705,5.4516
A83W,83,A,W,6.3294,5.9083
A83Y,83,A,Y,6.2688,5.8485
I84A,84,I,A,3.8628,3.7071
I84C,84,I,C,4.8213,4.5324
I84D,84,I,D,6.6296,6.2321
I84E,84,I,E,6.3394,5.9539
I84F,84,I,F,4.1427,3.8323
I84G,84,I,G,6.2185,5.883
I84H,84,I,H,6.0538,5.6425
I84K,84,I,K,5.3383,4.9042
I84L,84,I,L,0.3515,0.2627
I84M,84,I,M,3.3193,3.1204
I84N,84,I,N,6.4022,6.0149
I84P,84,I,P,5.193,4.8802
I84Q,84,I,Q,5.6019,5.2184
I84R,84,I,R,5.4106,5.0335
I84S,84,I,S,4.5417,4.3686
I84T,84,I,T,4.1443,3.8504
I84V,84,I,V,0.0931,-0.017
I84W,84,I,W,6.4103,6.0206
I84Y,84,I,Y,5.3607,4.9779
N85A,85,N,A,2.6653,2.3133
N85C,85,N,C,3.0591,2.5086
N85D,85,N,D,-1.145,-0.8607
N85E,85,N,E,3.0964,2.6807
N85F,85,N,F,5.082,4.0853
N85G,85,N,G,2.9334,2.4545
N85H,85,N,H,4.6679,3.7775
N85I,85,N,I,3.5349,2.8627
N85K,85,N,K,4.6092,3.7311
N85L,85,N,L,4.3454,3.5177
N85M,85,N,M,4.7998,3.8786
N85P,85,N,P,5.0983,4.0932
N85Q,85,N,Q,4.5639,3.6976
N85R,85,N,R,4.7713,3.8126
N85S,85,N,S,1.9102,1.6568
N85T,85,N,T,0.8026,0.7614
N85V,85,N,V,3.6706,3.0445
N85W,85,N,W,5.8036,4.6633
N85Y,85,N,Y,5.4804,4.4159
N86A,86,N,A,2.3005,1.8089
N86C,86,N,C,1.6987,1.3622
N86D,86,N,D,-1.9014,-1.4705
N86E,86,N,E,0.7593,0.6193
N86F,86,N,F,3.7214,2.8858
N86G,86,N,G,3.7998,2.952
N86H,86,N,H,3.3137,2.4657
N86I,86,N,I,3.9389,3.056
N86K,86,N,K,3.8208,2.8849
N86L,86,N,L,3.254,2.4743
N86M,86,N,M,3.9225,2.9549
N86P,86,N,P,4.9556,3.784
N86Q,86,N,Q,1.9588,1.5017
N86R,86,N,R,3.7736,2.922
N86S,86,N,S,-0.5164,-0.4123
N86T,86,N,T,2.901,2.2663
N86V,86,N,V,2.9333,2.3595
N86W,86,N,W,4.4902,3.4198
N86Y,86,N,Y,3.084,2.3479
T87A,87,T,A,-0.224,-0.1555
T87C,87,T,C,2.5914,1.8094
T87D,87,T,D,1.4127,1.0587
T87E,87,T,E,-0.5554,-0.4503
T87F,87,T,F,1.1011,0.7643
T87G,87,T,G,1.7216,1.3187
T87H,87,T,H,0.543,0.3377
T87I,87,T,I,0.0922,0.0881
T87K,87,T,K,-0.1962,-0.2627
T87L,87,T,L,-0.3124,-0.3037
T87M,87,T,M,0.8269,0.4561
T87N,87,T,N,1.2316,0.8872
T87P,87,T,P,-1.627,-1.2048
T87Q,87,T,Q,-0.1561,-0.1841
T87R,87,T,R,-0.4828,-0.5735
T87S,87,T,S,0.0546,0.0546
T87V,87,T,V,0.1579,0.1151
T87W,87,T,W,2.2416,1.484
T87Y,87,T,Y,0.3724,0.1293
K88A,88,K,A,0.4401,0.1308
K88C,88,K,C,3.3352,1.4171
K88D,88,K,D,0.3873,0.2319
K88E,88,K,E,0.4571,0.3278
K88F,88,K,F,3.2601,1.4357
K88G,88,K,G,1.9763,0.8658
K88H,88,K,H,2.1978,0.9896
K88I,88,K,I,2.1772,1.0402
K88L,88,K,L,2.1402,1.0363
K88M,88,K,M,3.1707,1.4434
K88N,88,K,N,1.3583,0.6999
K88P,88,K,P,2.3341,1.0915
K88Q,88,K,Q,-0.2889,-0.2916
K88R,88,K,R,1.2492,0.5826
K88S,88,K,S,0.2696,0.1095
K88T,88,K,T,1.1022,0.4396
K88V,88,K,V,2.0713,1.0791
K88W,88,K,W,3.4671,1.4634
K88Y,88,K,Y,2.5387,1.1482
S89A,89,S,A,5.5043,5.2723
S89C,89,S,C,7.1067,6.7867
S89D,89,S,D,6.6464,6.3342
S89E,89,S,E,6.5116,6.2007
S89F,89,S,F,7.069,6.7514
S89G,89,S,G,5.1855,4.9538
S89H,89,S,H,7.375,7.0263
S89I,89,S,I,7.0005,6.6676
S89K,89,S,K,6.1762,5.9079
S89L,89,S,L,6.5577,6.2479
S89M,89,S,M,6.9181,6.5497
S89N,89,S,N,5.9976,5.816
S89P,89,S,P,6.3413,6.0258
S89Q,89,S,Q,6.6699,6.3518
S89R,89,S,R,6.4489,6.1779
S89T,89,S,T,2.186,2.034
S89V,89,S,V,6.957,6.6287
S89W,89,S,W,7.3332,7.0117
S89Y,89,S,Y,7.1042,6.788
F90A,90,F,A,5.9421,5.4778
F90C,90,F,C,6.5254,6.0802
F90D,90,F,D,6.3003,5.8445
F90E,90,F,E,6.1759,5.7608
F90G,90,F,G,7.0173,6.5499
F90H,90,F,H,6.3476,5.8414
F90I,90,F,I,4.1455,3.8563
F90K,90,F,K,6.055,5.6768
F90L,90,F,L,2.8025,2.5086
F90M,90,F,M,5.2774,4.9096
F90N,90,F,N,7.0429,6.5654
F90P,90,F,P,6.9114,6.4104
F90Q,90,F,Q,6.834,6.3211
F90R,90,F,R,6.5867,6.116
F90S,90,F,S,6.2122,5.7801
F90T,90,F,T,6.2092,5.8151
F90V,90,F,V,5.0596,4.7305
F90W,90,F,W,5.6081,5.1585
F90Y,90,F,Y,2.5178,2.3633
E91A,91,E,A,2.3013,1.1217
E91C,91,E,C,4.2233,2.1968
E91D,91,E,D,0.5928,0.21
E91F,91,E,F,4.5493,2.4396
E91G,91,E,G,3.6634,1.8689
E91H,91,E,H,1.9921,0.9347
E91I,91,E,I,3.2743,1.648
E91K,91,E,K,2.0112,0.9536
E91L,91,E,L,1.855,0.8114
E91M,91,E,M,3.8182,1.9907
E91N,91,E,N,1.2938,0.4702
E91P,91,E,P,4.8061,2.6365
E91Q,91,E,Q,0.5573,0.1185
E91R,91,E,R,2.7025,1.2945
E91S,91,E,S,1.854,0.9476
E91T,91,E,T,2.1348,1.0497
E91V,91,E,V,2.6481,1.3364
E91W,91,E,W,4.8906,2.6502
E91Y,91,E,Y,3.3515,1.707
D92A,92,D,A,1.1554,0.894
D92C,92,D,C,3.0357,2.5201
D92E,92,D,E,-1.3241,-1.2606
D92F,92,D,F,3.3293,2.7988
D92G,92,D,G,2.3763,1.9956
D92H,92,D,H,1.7307,1.4085
D92I,92,D,I,1.8145,1.6861
D92K,92,D,K,1.4067,1.0591
D92L,92,D,L,1.7473,1.5094
D92M,92,D,M,2.6491,2.2062
D92N,92,D,N,0.5409,0.4665
D92P,92,D,P,4.0038,3.4596
D92Q,92,D,Q,0.7924,0.6484
D92R,92,D,R,1.7216,1.3635
D92S,92,D,S,1.1165,0.9454
D92T,92,D,T,1.4406,1.2065
D92V,92,D,V,1.4665,1.4723
D92W,92,D,W,4.154,3.5756
D92Y,92,D,Y,1.6449,1.2922
I93A,93,I,A,1.7565,1.6613
I93C,93,I,C,2.7093,2.6393
I93D,93,I,D,5.4834,5.3322
I93E,93,I,E,5.591,5.4468
I93F,93,I,F,4.165,4.0518
I93G,93,I,G,4.1762,4.0102
I93H,93,I,H,5.6074,5.4622
I93K,93,I,K,5.1569,5.0123
I93L,93,I,L,1.298,1.1638
I93M,93,I,M,2.4286,2.4044
I93N,93,I,N,5.731,5.5916
I93P,93,I,P,5.6174,5.4869
I93Q,93,I,Q,4.3998,4.2961
I93R,93,I,R,5.2285,5.0893
I93S,93,I,S,3.3152,3.2524
I93T,93,I,T,2.0382,1.9498
I93V,93,I,V,0.0183,-0.0
I93W,93,I,W,5.4743,5.3409
I93Y,93,I,Y,5.5904,5.4457
H94A,94,H,A,-0.6038,-0.3512
H94C,94,H,C,1.1323,0.7353
H94D,94,H,D,-0.7103,-0.4585
H94E,94,H,E,-1.565,-1.0221
H94F,94,H,F,0.935,0.5789
H94G,94,H,G,0.1742,0.122
H94I,94,H,I,-0.274,-0.1072
H94K,94,H,K,-1.7928,-0.8669
H94L,94,H,L,-0.4725,-0.2169
H94M,94,H,M,0.8327,0.5931
H94N,94,H,N,-1.1088,-0.7364
H94P,94,H,P,-1.168,-0.7602
H94Q,94,H,Q,-1.0258,-0.4978
H94R,94,H,R,-1.8357,-1.1611
H94S,94,H,S,-1.5076,-0.9129
H94T,94,H,T,-0.5656,-0.3152
H94V,94,H,V,-0.3119,-0.1293
H94W,94,H,W,1.9096,1.2337
H94Y,94,H,Y,0.9213,0.5884
Q95A,95,Q,A,-0.0779,-0.1506
Q95C,95,Q,C,1.7378,0.663
Q95D,95,Q,D,-0.0412,-0.0618
Q95E,95,Q,E,-0.9918,-0.517
Q95F,95,Q,F,1.1133,0.4755
Q95G,95,Q,G,0.5139,0.1654
Q95H,95,Q,H,0.0959,-0.0647
Q95I,95,Q,I,-1.0021,-0.7109
Q95K,95,Q,K,-0.8165,-0.4953
Q95L,95,Q,L,0.0526,-0.0411
Q95M,95,Q,M,0.664,0.1542
Q95N,95,Q,N,-0.598,-0.4555
Q95P,95,Q,P,0.9262,0.2671
Q95R,95,Q,R,-0.5149,-0.31
Q95S,95,Q,S,-0.5114,-0.3364
Q95T,95,Q,T,-0.401,-0.3144
Q95V,95,Q,V,-0.0308,-0.0866
Q95W,95,Q,W,1.9592,0.7856
Q95Y,95,Q,Y,0.5056,0.2055
Y96A,96,Y,A,2.6044,2.5066
Y96C,96,Y,C,2.7367,2.7311
Y96D,96,Y,D,3.2806,3.1763
Y96E,96,Y,E,2.8248,2.7393
Y96F,96,Y,F,-1.3628,-1.2908
Y96G,96,Y,G,4.1287,3.9704
Y96H,96,Y,H,2.2471,2.1658
Y96I,96,Y,I,0.1433,0.1164
Y96K,96,Y,K,3.3198,3.189
Y96L,96,Y,L,-0.6568,-0.5339
Y96M,96,Y,M,0.7546,0.849
Y96N,96,Y,N,3.5344,3.4326
Y96P,96,Y,P,4.1869,4.0244
Y96Q,96,Y,Q,2.6398,2.604
Y96R,96,Y,R,3.3583,3.2154
Y96S,96,Y,S,3.4838,3.3475
Y96T,96,Y,T,2.158,2.2326
Y96V,96,Y,V,1.6772,1.6007
Y96W,96,Y,W,3.3589,3.1037
R97A,97,R,A,2.1058,1.9024
R97C,97,R,C,2.878,2.5684
R97D,97,R,D,3.1609,2.7375
R97E,97,R,E,3.6771,3.2297
R97F,97,R,F,2.0342,1.7613
R97G,97,R,G,3.8666,3.383
R97H,97,R,H,1.8795,1.6688
R97I,97,R,I,-0.2937,-0.2892
R97K,97,R,K,2.6391,2.2729
R97L,97,R,L,0.1736,0.2098
R97M,97,R,M,-0.1805,-0.1115
R97N,97,R,N,2.4699,2.2576
R97P,97,R,P,4.1792,3.7076
R97Q,97,R,Q,2.2472,2.0378
R97S,97,R,S,3.0249,2.6639
R97T,97,R,T,3.2465,2.8696
R97V,97,R,V,1.2581,1.2554
R97W,97,R,W,2.2828,2.1575
R97Y,97,R,Y,1.6432,1.4258
E98A,98,E,A,3.0683,2.1947
E98C,98,E,C,4.9337,3.4197
E98D,98,E,D,1.1956,0.7367
E98F,98,E,F,4.3953,3.0651
E98G,98,E,G,3.4304,2.3958
E98H,98,E,H,3.9396,2.7868
E98I,98,E,I,3.9123,2.7968
E98K,98,E,K,2.5794,1.7289
E98L,98,E,L,3.3404,2.3918
E98M,98,E,M,4.2036,2.9337
E98N,98,E,N,2.3092,1.5262
E98P,98,E,P,5.1742,3.6029
E98Q,98,E,Q,1.3,0.905
E98R,98,E,R,3.0334,2.1263
E98S,98,E,S,2.7047,1.8852
E98T,98,E,T,2.7518,1.9289
E98V,98,E,V,4.1309,2.9166
E98W,98,E,W,5.1972,3.6401
E98Y,98,E,Y,4.4631,3.0805
Q99A,99,Q,A,2.723,2.546
Q99C,99,Q,C,5.5001,4.8253
Q99D,99,Q,D,2.2508,2.188
Q99E,99,Q,E,2.7013,2.56
Q99F,99,Q,F,5.0698,4.4615
Q99G,99,Q,G,4.7169,4.1842
Q99H,99,Q,H,3.2521,2.8888
Q99I,99,Q,I,3.5233,3.0945
Q99K,99,Q,K,3.1573,2.6113
Q99L,99,Q,L,3.1006,2.7178
Q99M,99,Q,M,4.0077,3.5132
Q99N,99,Q,N,3.8319,3.3848
Q99P,99,Q,P,5.6627,5.033
Q99R,99,Q,R,3.0505,2.6933
Q99S,99,Q,S,3.2911,2.9361
Q99T,99,Q,T,3.5325,3.1601
Q99V,99,Q,V,4.1261,3.6447
Q99W,99,Q,W,5.554,4.9961
Q99Y,99,Q,Y,4.3054,3.8229
I100A,100,I,A,5.8485,5.7091
I100C,100,I,C,6.4305,6.324
I100D,100,I,D,8.1155,7.882
I100E,100,I,E,7.738,7.522
I100F,100,I,F,6.7939,6.411
I100G,100,I,G,7.8595,7.627
I100H,100,I,H,8.0128,7.7643
I100K,100,I,K,7.9546,7.7119
I100L,100,I,L,2.8732,2.6871
I100M,100,I,M,5.3467,5.1675
I100N,100,I,N,7.8942,7.6566
I100P,100,I,P,7.9836,7.7509
I100Q,100,I,Q,8.0487,7.816
I100R,100,I,R,7.8109,7.5866
I100S,100,I,S,7.0643,6.8559
I100T,100,I,T,6.3769,6.1728
I100V,100,I,V,2.4141,2.3456
I100W,100,I,W,7.4772,7.2638
I100Y,100,I,Y,6.7999,6.6216
K101A,101,K,A,1.3436,1.0429
K101C,101,K,C,1.2404,1.0536
K101D,101,K,D,1.1493,0.9716
K101E,101,K,E,-0.0594,-0.1177
K101F,101,K,F,1.6101,1.3008
K101G,101,K,G,2.4283,2.0095
K101H,101,K,H,1.6215,1.2924
K101I,101,K,I,0.646,0.4066
K101L,101,K,L,-2.0058,-1.6428
K101M,101,K,M,0.9884,0.7625
K101N,101,K,N,1.1652,0.9567
K101P,101,K,P,3.1711,2.5908
K101Q,101,K,Q,-0.0849,-0.0523
K101R,101,K,R,0.6317,0.5398
K101S,101,K,S,0.8414,0.6471
K101T,101,K,T,1.0578,0.8664
K101V,101,K,V,0.6354,0.4596
K101W,101,K,W,2.1356,1.8093
K101Y,101,K,Y,0.9543,0.7716
R102A,102,R,A,4.2896,2.4582
R102C,102,R,C,6.2415,3.2406
R102D,102,R,D,4.2255,2.5052
R102E,102,R,E,3.1131,1.8913
R102F,102,R,F,6.0764,3.1774
R102G,102,R,G,5.2415,2.864
R102H,102,R,H,4.7674,2.6055
R102I,102,R,I,5.4341,2.8566
R102K,102,R,K,2.806,1.7584
R102L,102,R,L,4.3141,2.2526
R102M,102,R,M,5.4513,2.9019
R102N,102,R,N,4.1585,2.452
R102P,102,R,P,6.2789,3.3428
R102Q,102,R,Q,3.0945,1.8104
R102S,102,R,S,3.9508,2.3582
R102T,102,R,T,4.3807,2.4092
R102V,102,R,V,5.5983,3.0194
R102W,102,R,W,6.2376,3.2808
R102Y,102,R,Y,5.9871,3.231
V103A,103,V,A,2.5296,2.0046
V103C,103,V,C,4.1811,3.5077
V103D,103,V,D,6.0252,5.0679
V103E,103,V,E,4.8258,4.0049
V103F,103,V,F,5.2512,4.4122
V103G,103,V,G,5.2356,4.517
V103H,103,V,H,4.2354,3.3741
V103I,103,V,I,2.2353,1.7917
V103K,103,V,K,5.7965,4.7481
V103L,103,V,L,3.4483,2.88
V103M,103,V,M,4.8804,4.0759
V103N,103,V,N,4.8345,4.0206
V103P,103,V,P,6.5513,5.7768
V103Q,103,V,Q,4.7624,4.0792
V103R,103,V,R,5.6185,4.7338
V103S,103,V,S,3.9128,3.204
V103T,103,V,T,3.7531,2.9842
V103W,103,V,W,6.5661,5.5836
V103Y,103,V,Y,4.3755,3.5798
K104A,104,K,A,4.3724,3.7488
K104C,104,K,C,4.8504,3.9911
K104D,104,K,D,6.2776,4.915
K104E,104,K,E,5.7054,4.4637
K104F,104,K,F,7.0066,5.5224
K104G,104,K,G,6.3838,5.1824
K104H,104,K,H,4.9476,3.824
K104I,104,K,I,5.7249,4.6391
K104L,104,K,L,4.1154,3.3176
K104M,104,K,M,6.2831,4.9108
K104N,104,K,N,5.1342,3.9933
K104P,104,K,P,6.4576,5.142
K104Q,104,K,Q,5.2157,4.0647
K104R,104,K,R,2.8383,2.1275
K104S,104,K,S,5.4067,4.3557
K104T,104,K,T,4.6209,3.7132
K104V,104,K,V,5.3856,4.3743
K104W,104,K,W,7.6198,5.9119
K104Y,104,K,Y,7.2421,5.5878
D105A,105,D,A,2.2593,0.7818
D105C,105,D,C,4.355,1.447
D105E,105,D,E,1.3204,0.4478
D105F,105,D,F,4.6885,1.6297
D105G,105,D,G,1.0283,0.4302
D105H,105,D,H,3.5199,1.2851
D105I,105,D,I,4.4373,1.5883
D105K,105,D,K,2.87,1.0177
D105L,105,D,L,3.647,1.3234
D105M,105,D,M,4.1438,1.4341
D105N,105,D,N,1.9059,0.7501
D105P,105,D,P,3.9248,1.4913
D105Q,105,D,Q,2.8695,1.0289
D105R,105,D,R,3.1175,1.1353
D105S,105,D,S,2.3235,0.8159
D105T,105,D,T,2.7856,1.0897
D105V,105,D,V,3.556,1.2347
D105W,105,D,W,5.2176,1.787
D105Y,105,D,Y,4.2431,1.5288
S106A,106,S,A,0.8588,0.7499
S106C,106,S,C,0.8206,0.5089
S106D,106,S,D,1.2361,0.9602
S106E,106,S,E,1.6849,1.3443
S106F,106,S,F,2.6684,2.2216
S106G,106,S,G,0.5249,0.3778
S106H,106,S,H,2.9843,2.4367
S106I,106,S,I,2.1538,1.81
S106K,106,S,K,0.9299,0.8704
S106L,106,S,L,1.3491,1.1348
S106M,106,S,M,1.8782,1.5935
S106N,106,S,N,1.8355,1.3719
S106P,106,S,P,1.5025,1.2454
S106Q,106,S,Q,1.7363,1.4264
S106R,106,S,R,0.9964,0.9556
S106T,106,S,T,0.5773,0.4893
S106V,106,S,V,1.7565,1.5067
S106W,106,S,W,3.6443,3.0399
S106Y,106,S,Y,2.3879,1.9644
D107A,107,D,A,1.3025,0.6551
D107C,107,D,C,3.7363,1.748
D107E,107,D,E,0.2193,0.1798
D107F,107,D,F,3.6722,1.7415
D107G,107,D,G,1.5283,0.7932
D107H,107,D,H,2.6076,1.2765
D107I,107,D,I,3.244,1.5485
D107K,107,D,K,0.8995,0.5339
D107L,107,D,L,2.7939,1.3535
D107M,107,D,M,3.4836,1.611
D107N,107,D,N,1.4446,0.7541
D107P,107,D,P,0.3347,0.2544
D107Q,107,D,Q,1.3954,0.7245
D107R,107,D,R,1.6754,0.8948
D107S,107,D,S,0.7795,0.4319
D107T,107,D,T,1.4677,0.732
D107V,107,D,V,2.6985,1.2893
D107W,107,D,W,4.2217,1.9435
D107Y,107,D,Y,3.4691,1.6376
D108A,108,D,A,1.8204,1.231
D108C,108,D,C,3.6436,2.486
D108E,108,D,E,0.7983,0.5375
D108F,108,D,F,3.2912,2.2628
D108G,108,D,G,0.6081,0.3931
D108H,108,D,H,1.5211,0.9473
D108I,108,D,I,3.3182,2.2866
D108K,108,D,K,0.2397,0.1611
D108L,108,D,L,2.8149,1.8928
D108M,108,D,M,3.3038,2.2462
D108N,108,D,N,0.2231,0.0962
D108P,108,D,P,1.6945,1.0201
D108Q,108,D,Q,1.508,0.9917
D108R,108,D,R,1.2709,0.7782
D108S,108,D,S,0.7273,0.5134
D108T,108,D,T,1.7021,1.135
D108V,108,D,V,2.4697,1.6838
D108W,108,D,W,3.3833,2.3037
D108Y,108,D,Y,1.8096,1.215
V109A,109,V,A,3.5154,3.1831
V109C,109,V,C,4.8931,4.5202
V109D,109,V,D,6.7328,6.1698
V109E,109,V,E,5.7255,5.2893
V109F,109,V,F,2.0037,1.914
V109G,109,V,G,6.0121,5.4402
V109H,109,V,H,5.9716,5.4482
V109I,109,V,I,0.8032,0.7168
V109K,109,V,K,5.9185,5.3732
V109L,109,V,L,3.0659,2.7766
V109M,109,V,M,4.857,4.4302
V109N,109,V,N,6.1833,5.6817
V109P,109,V,P,3.7642,3.3137
V109Q,109,V,Q,5.9921,5.4782
V109R,109,V,R,5.4499,4.8807
V109S,109,V,S,4.112,3.7712
V109T,109,V,T,2.653,2.3895
V109W,109,V,W,6.3796,5.8678
V109Y,109,V,Y,3.4585,3.135
P110A,110,P,A,3.583,3.446
P110C,110,P,C,3.7502,3.701
P110D,110,P,D,5.1843,4.9967
P110E,110,P,E,3.9782,3.9319
P110F,110,P,F,5.5235,5.3592
P110G,110,P,G,4.858,4.8064
P110H,110,P,H,5.4678,5.285
P110I,110,P,I,3.6168,3.6072
P110K,110,P,K,3.7072,3.5956
P110L,110,P,L,4.4748,4.3642
P110M,110,P,M,5.38,5.2511
P110N,110,P,N,4.4767,4.2802
P110Q,110,P,Q,4.5219,4.317
P110R,110,P,R,5.173,4.9814
P110S,110,P,S,3.3167,3.2154
P110T,110,P,T,4.1245,4.0128
P110V,110,P,V,3.6273,3.5594
P110W,110,P,W,7.0332,6.7898
P110Y,110,P,Y,6.3944,6.148
M111A,111,M,A,3.6112,3.4412
M111C,111,M,C,3.5712,3.3526
M111D,111,M,D,6.9673,6.7296
M111E,111,M,E,6.9636,6.7304
M111F,111,M,F,2.4087,2.2612
M111G,111,M,G,4.7499,4.5715
M111H,111,M,H,6.2374,6.0234
M111I,111,M,I,1.3631,1.2255
M111K,111,M,K,4.8728,4.6202
M111L,111,M,L,2.7953,2.6518
M111N,111,M,N,6.3159,6.0888
M111P,111,M,P,6.5059,6.2826
M111Q,111,M,Q,5.7128,5.5195
M111R,111,M,R,4.6262,4.4308
M111S,111,M,S,4.3754,4.1491
M111T,111,M,T,3.6683,3.4479
M111V,111,M,V,2.5756,2.3645
M111W,111,M,W,6.4325,6.1874
M111Y,111,M,Y,4.9544,4.735
V112A,112,V,A,5.2572,5.0205
V112C,112,V,C,5.1926,4.9779
V112D,112,V,D,7.7592,7.5608
V112E,112,V,E,7.2372,7.0358
V112F,112,V,F,6.0323,5.8105
V112G,112,V,G,6.9745,6.7754
V112H,112,V,H,7.7304,7.5257
V112I,112,V,I,-0.1159,-0.1065
V112K,112,V,K,6.4074,6.202
V112L,112,V,L,0.9887,0.9497
V112M,112,V,M,2.5105,2.3825
V112N,112,V,N,7.6952,7.4968
V112P,112,V,P,7.8362,7.634
V112Q,112,V,Q,6.4912,6.3126
V112R,112,V,R,7.0716,6.8676
V112S,112,V,S,6.8746,6.6407
V112T,112,V,T,5.4375,5.2331
V112W,112,V,W,7.4427,7.2489
V112Y,112,V,Y,6.9169,6.6387
L113A,113,L,A,6.1478,6.0569
L113C,113,L,C,6.8754,6.7491
L113D,113,L,D,7.9745,7.8426
L113E,113,L,E,7.9801,7.8479
L113F,113,L,F,4.3646,4.3091
L113G,113,L,G,7.8195,7.691
L113H,113,L,H,7.9308,7.802
L113I,113,L,I,2.0621,2.0161
L113K,113,L,K,7.642,7.5209
L113M,113,L,M,3.8426,3.7896
L113N,113,L,N,7.9613,7.8296
L113P,113,L,P,7.9414,7.8091
L113Q,113,L,Q,7.8919,7.759
L113R,113,L,R,7.9695,7.8353
L113S,113,L,S,7.4488,7.3195
L113T,113,L,T,6.2451,6.1696
L113V,113,L,V,3.733,3.6615
L113W,113,L,W,7.8439,7.7122
L113Y,113,L,Y,7.6116,7.4724
V114A,114,V,A,4.238,4.1538
V114C,114,V,C,3.5371,3.4852
V114D,114,V,D,8.0327,7.9255
V114E,114,V,E,7.7912,7.6847
V114F,114,V,F,5.0594,4.954
V114G,114,V,G,7.2652,7.1705
V114H,114,V,H,8.0352,7.9279
V114I,114,V,I,1.8379,1.7919
V114K,114,V,K,7.9524,7.8467
V114L,114,V,L,3.4706,3.3242
V114M,114,V,M,5.5263,5.4414
V114N,114,V,N,7.8551,7.7531
V114P,114,V,P,7.9409,7.8362
V114Q,114,V,Q,7.4545,7.3722
V114R,114,V,R,7.9992,7.8931
V114S,114,V,S,7.1622,7.0686
V114T,114,V,T,6.2793,6.2079
V114W,114,V,W,7.7805,7.6742
V114Y,114,V,Y,7.3381,7.247
G115A,115,G,A,2.367,2.3408
G115C,115,G,C,5.6747,5.5526
G115D,115,G,D,8.1758,7.9656
G115E,115,G,E,7.7456,7.5299
G115F,115,G,F,7.5606,7.3813
G115H,115,G,H,8.3058,8.1035
G115I,115,G,I,6.803,6.5916
G115K,115,G,K,8.0874,7.889
G115L,115,G,L,6.7547,6.5714
G115M,115,G,M,7.6838,7.4808
G115N,115,G,N,8.1553,7.9577
G115P,115,G,P,8.1904,7.9949
G115Q,115,G,Q,6.6463,6.4127
G115R,115,G,R,7.6378,7.4389
G115S,115,G,S,6.3665,6.1778
G115T,115,G,T,8.2443,8.0404
G115V,115,G,V,6.1243,5.976
G115W,115,G,W,8.5543,8.3426
G115Y,115,G,Y,8.1363,7.9472
N116A,116,N,A,4.4942,4.2134
N116C,116,N,C,4.5033,4.2086
N116D,116,N,D,7.522,7.1177
N116E,116,N,E,7.6756,7.2877
N116F,116,N,F,7.3894,6.9923
N116G,116,N,G,6.7457,6.404
N116H,116,N,H,4.7408,4.3714
N116I,116,N,I,6.5798,6.2128
N116K,116,N,K,7.6757,7.2619
N116L,116,N,L,5.6653,5.4197
N116M,116,N,M,5.8229,5.5002
N116P,116,N,P,7.8877,7.4658
N116Q,116,N,Q,5.9676,5.5414
N116R,116,N,R,7.8163,7.386
N116S,116,N,S,3.7441,3.5615
N116T,116,N,T,2.9548,2.7048
N116V,116,N,V,7.1945,6.7705
N116W,116,N,W,7.9413,7.5133
N116Y,116,N,Y,7.3567,6.9524
K117A,117,K,A,8.437,6.7167
K117C,117,K,C,8.7853,6.9917
K117D,117,K,D,8.6422,6.8686
K117E,117,K,E,7.9794,6.379
K117F,117,K,F,8.691,6.9008
K117G,117,K,G,8.0123,6.3895
K117H,117,K,H,7.2276,5.7806
K117I,117,K,I,8.6204,6.8382
K117L,117,K,L,8.3619,6.6035
K117M,117,K,M,4.9429,3.921
K117N,117,K,N,6.6856,5.3309
K117P,117,K,P,8.9798,7.1077
K117Q,117,K,Q,5.562,4.4106
K117R,117,K,R,5.9452,4.6918
K117S,117,K,S,8.2842,6.5839
K117T,117,K,T,8.592,6.809
K117V,117,K,V,8.4557,6.7103
K117W,117,K,W,8.8463,7.0142
K117Y,117,K,Y,8.7943,7.0014
C118A,118,C,A,-0.2564,-0.0383
C118D,118,C,D,3.4257,2.9498
C118E,118,C,E,2.8364,2.5237
C118F,118,C,F,2.8609,2.5509
C118G,118,C,G,2.6349,2.3751
C118H,118,C,H,2.9769,2.6387
C118I,118,C,I,-0.6783,-0.4075
C118K,118,C,K,0.9398,0.845
C118L,118,C,L,0.3693,0.4556
C118M,118,C,M,1.8719,1.6995
C118N,118,C,N,1.6892,1.4704
C118P,118,C,P,4.621,4.0433
C118Q,118,C,Q,1.7191,1.6595
C118R,118,C,R,1.2079,1.1329
C118S,118,C,S,0.0288,0.0584
C118T,118,C,T,0.2376,0.2484
C118V,118,C,V,-0.424,-0.1712
C118W,118,C,W,2.2451,2.3506
C118Y,118,C,Y,2.5238,2.264
D119A,119,D,A,8.797,6.6803
D119C,119,D,C,9.1732,6.989
D119E,119,D,E,5.7591,4.3445
D119F,119,D,F,9.0212,6.8767
D119G,119,D,G,8.0834,6.1604
D119H,119,D,H,6.883,5.1555
D119I,119,D,I,9.0856,6.9123
D119K,119,D,K,8.5175,6.4284
D119L,119,D,L,9.1217,6.9406
D119M,119,D,M,9.1763,6.9695
D119N,119,D,N,8.3919,6.3798
D119P,119,D,P,9.0055,6.8439
D119Q,119,D,Q,8.9323,6.7923
D119R,119,D,R,8.9961,6.837
D119S,119,D,S,8.4462,6.4085
D119T,119,D,T,8.7881,6.6998
D119V,119,D,V,9.0483,6.8748
D119W,119,D,W,9.2227,7.0161
D119Y,119,D,Y,9.0397,6.8819
L120A,120,L,A,3.962,2.9551
L120C,120,L,C,3.8254,2.8398
L120D,120,L,D,3.7512,2.8964
L120E,120,L,E,3.0063,2.303
L120F,120,L,F,4.7423,3.5078
L120G,120,L,G,4.9879,3.7144
L120H,120,L,H,5.1229,3.8275
L120I,120,L,I,2.6884,2.0645
L120K,120,L,K,2.8257,2.1321
L120M,120,L,M,2.3018,1.7373
L120N,120,L,N,4.9752,3.6835
L120P,120,L,P,5.5573,4.1298
L120Q,120,L,Q,3.3533,2.4813
L120R,120,L,R,2.8258,2.1617
L120S,120,L,S,3.9354,2.8922
L120T,120,L,T,3.8527,2.8696
L120V,120,L,V,2.4813,1.9245
L120W,120,L,W,5.5738,4.1409
L120Y,120,L,Y,5.4012,4.0319
A121C,121,A,C,1.9522,0.3356
A121D,121,A,D,0.4371,0.1366
A121E,121,A,E,-1.171,-0.5201
A121F,121,A,F,2.8448,0.6578
A121G,121,A,G,1.3635,0.3908
A121H,121,A,H,1.6074,0.285
A121I,121,A,I,1.6961,0.5664
A121K,121,A,K,0.8961,0.3028
A121L,121,A,L,1.1875,0.3955
A121M,121,A,M,2.6875,0.6679
A121N,121,A,N,1.0654,0.197
A121P,121,A,P,1.2573,0.6858
A121Q,121,A,Q,1.0118,0.2044
A121R,121,A,R,0.2872,0.1302
A121S,121,A,S,0.4536,0.0798
A121T,121,A,T,1.1815,0.4288
A121V,121,A,V,0.4387,0.1946
A121W,121,A,W,3.3765,0.792
A121Y,121,A,Y,2.7901,0.7075
A122C,122,A,C,1.8665,0.7138
A122D,122,A,D,-0.7508,-0.486
A122E,122,A,E,-1.8094,-0.9905
A122F,122,A,F,2.6735,1.1431
A122G,122,A,G,1.1978,0.5034
A122H,122,A,H,-0.6604,-0.6449
A122I,122,A,I,2.35,0.9621
A122K,122,A,K,-1.254,-0.7297
A122L,122,A,L,1.7918,0.6703
A122M,122,A,M,0.5755,-0.0066
A122N,122,A,N,-0.4807,-0.3752
A122P,122,A,P,1.9181,0.8926
A122Q,122,A,Q,-1.1816,-0.7629
A122R,122,A,R,-0.4901,-0.4297
A122S,122,A,S,-1.2602,-0.684
A122T,122,A,T,0.3229,0.0245
A122V,122,A,V,2.1943,0.9119
A122W,122,A,W,2.8001,1.199
A122Y,122,A,Y,2.3112,0.9437
R123A,123,R,A,4.6269,3.5568
R123C,123,R,C,6.0882,4.6316
R123D,123,R,D,4.3941,3.362
R123E,123,R,E,3.1941,2.5871
R123F,123,R,F,6.7216,5.0734
R123G,123,R,G,5.0119,3.8221
R123H,123,R,H,5.0897,3.8233
R123I,123,R,I,5.2839,3.9598
R123K,123,R,K,3.2534,2.4385
R123L,123,R,L,5.9373,4.464
R123M,123,R,M,6.1156,4.6548
R123N,123,R,N,4.3927,3.3354
R123P,123,R,P,4.8527,3.7171
R123Q,123,R,Q,3.6548,2.8145
R123S,123,R,S,4.0373,3.1122
R123T,123,R,T,4.2467,3.2338
R123V,123,R,V,5.9218,4.4506
R123W,123,R,W,6.0804,4.7536
R123Y,123,R,Y,5.863,4.4044
T124A,124,T,A,-0.0653,-0.0288
T124C,124,T,C,2.2298,1.2533
T124D,124,T,D,1.4607,1.0014
T124E,124,T,E,-0.8136,-0.3875
T124F,124,T,F,3.0372,1.7771
T124G,124,T,G,2.9852,1.8177
T124H,124,T,H,2.5756,1.5351
T124I,124,T,I,1.9512,1.1524
T124K,124,T,K,0.1964,0.1151
T124L,124,T,L,1.2594,0.6498
T124M,124,T,M,2.1683,1.1895
T124N,124,T,N,1.777,1.0754
T124P,124,T,P,1.6445,0.9041
T124Q,124,T,Q,-1.125,-0.6837
T124R,124,T,R,1.0199,0.575
T124S,124,T,S,0.869,0.5228
T124V,124,T,V,0.4676,0.1879
T124W,124,T,W,3.5627,2.1443
T124Y,124,T,Y,3.0057,1.7634
V125A,125,V,A,5.8202,5.5003
V125C,125,V,C,6.6812,6.2829
V125D,125,V,D,6.6735,6.304
V125E,125,V,E,6.1508,5.7857
V125F,125,V,F,5.6801,5.3686
V125G,125,V,G,6.3343,6.0211
V125H,125,V,H,6.7827,6.4408
V125I,125,V,I,1.1539,1.1219
V125K,125,V,K,6.9797,6.5935
V125L,125,V,L,4.4935,4.2511
V125M,125,V,M,5.7253,5.4197
V125N,125,V,N,6.7435,6.3606
V125P,125,V,P,6.5595,6.1964
V125Q,125,V,Q,6.6727,6.3224
V125R,125,V,R,6.9501,6.5958
V125S,125,V,S,5.9841,5.643
V125T,125,V,T,4.8429,4.5414
V125W,125,V,W,7.2295,6.7828
V125Y,125,V,Y,5.9914,5.6934
E126A,126,E,A,0.6173,0.2985
E126C,126,E,C,2.4006,1.3782
E126D,126,E,D,-0.7791,-0.4735
E126F,126,E,F,2.5024,1.4323
E126G,126,E,G,1.1405,0.5679
E126H,126,E,H,1.6786,0.924
E126I,126,E,I,2.237,1.3494
E126K,126,E,K,0.219,0.1242
E126L,126,E,L,0.99,0.616
E126M,126,E,M,2.0447,1.1925
E126N,126,E,N,0.6229,0.3866
E126P,126,E,P,-0.1633,-0.2257
E126Q,126,E,Q,0.7287,0.3502
E126R,126,E,R,1.0755,0.6334
E126S,126,E,S,-1.7644,-1.1655
E126T,126,E,T,-1.3583,-0.8171
E126V,126,E,V,2.1501,1.2838
E126W,126,E,W,2.9866,1.7433
E126Y,126,E,Y,2.2017,1.3216
S127A,127,S,A,-0.715,-0.4071
S127C,127,S,C,1.9109,1.4524
S127D,127,S,D,1.3427,1.0877
S127E,127,S,E,-0.0233,0.0282
S127F,127,S,F,-0.0348,-0.0389
S127G,127,S,G,2.1573,1.6247
S127H,127,S,H,0.9341,0.6598
S127I,127,S,I,0.9293,0.6767
S127K,127,S,K,-0.8071,-0.6335
S127L,127,S,L,0.2632,0.2262
S127M,127,S,M,1.2902,1.0059
S127N,127,S,N,1.0687,0.8391
S127P,127,S,P,0.2893,0.2063
S127Q,127,S,Q,-0.3424,-0.244
S127R,127,S,R,-0.9248,-0.6101
S127T,127,S,T,-1.0681,-0.7558
S127V,127,S,V,0.4987,0.3491
S127W,127,S,W,2.2358,1.6722
S127Y,127,S,Y,-0.3368,-0.3367
R128A,128,R,A,0.1839,0.0712
R128C,128,R,C,2.4846,0.7995
R128D,128,R,D,0.3348,0.2679
R128E,128,R,E,-0.677,-0.0894
R128F,128,R,F,1.3925,0.3304
R128G,128,R,G,1.0764,0.2955
R128H,128,R,H,0.9877,0.2785
R128I,128,R,I,1.2511,0.3125
R128K,128,R,K,-0.6719,-0.2918
R128L,128,R,L,1.2865,0.4011
R128M,128,R,M,1.9783,0.5755
R128N,128,R,N,0.7983,0.258
R128P,128,R,P,1.9855,0.6828
R128Q,128,R,Q,-1.1261,-0.5551
R128S,128,R,S,-0.4132,-0.1563
R128T,128,R,T,0.2198,-0.001
R128V,128,R,V,1.0332,0.2589
R128W,128,R,W,2.389,0.7005
R128Y,128,R,Y,1.9562,0.647
Q129A,129,Q,A,0.8045,0.4984
Q129C,129,Q,C,3.4965,2.3265
Q129D,129,Q,D,0.6297,0.3185
Q129E,129,Q,E,-0.3949,-0.4253
Q129F,129,Q,F,2.8169,1.9446
Q129G,129,Q,G,3.203,2.1386
Q129H,129,Q,H,2.8245,1.8616
Q129I,129,Q,I,1.5764,1.0757
Q129K,129,Q,K,0.486,0.3557
Q129L,129,Q,L,1.4714,0.9716
Q129M,129,Q,M,1.662,1.0229
Q129N,129,Q,N,2.2308,1.4609
Q129P,129,Q,P,4.2221,2.8095
Q129R,129,Q,R,0.0625,-0.0246
Q129S,129,Q,S,1.8645,1.1787
Q129T,129,Q,T,1.2336,0.738
Q129V,129,Q,V,0.9057,0.5698
Q129W,129,Q,W,4.0791,2.6712
Q129Y,129,Q,Y,2.7444,1.8597
A130C,130,A,C,4.294,4.2039
A130D,130,A,D,5.8622,5.7702
A130E,130,A,E,5.0213,5.0142
A130F,130,A,F,5.5761,5.4358
A130G,130,A,G,0.4454,0.6676
A130H,130,A,H,5.0187,4.8661
A130I,130,A,I,3.0619,2.9765
A130K,130,A,K,5.3958,5.3439
A130L,130,A,L,3.8858,3.7914
A130M,130,A,M,5.0525,4.8821
A130N,130,A,N,6.2691,6.1235
A130P,130,A,P,5.5208,5.3808
A130Q,130,A,Q,5.5228,5.388
A130R,130,A,R,4.9417,4.9339
A130S,130,A,S,4.4164,4.2644
A130T,130,A,T,4.7222,4.6274
A130V,130,A,V,2.4705,2.4918
A130W,130,A,W,6.6605,6.5014
A130Y,130,A,Y,5.7064,5.536
Q131A,131,Q,A,0.6081,0.667
Q131C,131,Q,C,3.0985,2.2643
Q131D,131,Q,D,1.5666,1.3619
Q131E,131,Q,E,-0.4417,-0.1186
Q131F,131,Q,F,2.2779,1.7646
Q131G,131,Q,G,3.2575,2.4115
Q131H,131,Q,H,2.0312,1.5398
Q131I,131,Q,I,1.405,1.1171
Q131K,131,Q,K,0.7985,0.4627
Q131L,131,Q,L,0.5914,0.6132
Q131M,131,Q,M,1.456,1.1399
Q131N,131,Q,N,1.5634,1.2128
Q131P,131,Q,P,3.697,2.7471
Q131R,131,Q,R,-0.0667,-0.0887
Q131S,131,Q,S,0.7458,0.6653
Q131T,131,Q,T,1.2916,1.0391
Q131V,131,Q,V,1.5178,1.2366
Q131W,131,Q,W,3.1263,2.3256
Q131Y,131,Q,Y,2.6403,2.0107
D132A,132,D,A,0.0397,-0.1078
D132C,132,D,C,3.489,2.2585
D132E,132,D,E,-0.9119,-0.631
D132F,132,D,F,3.4016,2.2783
D132G,132,D,G,1.9332,1.2214
D132H,132,D,H,2.4172,1.5462
D132I,132,D,I,2.9365,1.8868
D132K,132,D,K,0.7546,0.358
D132L,132,D,L,1.6824,0.9944
D132M,132,D,M,2.5672,1.6717
D132N,132,D,N,0.9525,0.5396
D132P,132,D,P,4.0436,2.7741
D132Q,132,D,Q,0.3487,0.0756
D132R,132,D,R,1.0855,0.5518
D132S,132,D,S,0.7395,0.3597
D132T,132,D,T,1.2346,0.7304
D132V,132,D,V,2.5721,1.7203
D132W,132,D,W,4.2046,2.8461
D132Y,132,D,Y,3.2556,2.1611
L133A,133,L,A,3.293,2.7229
L133C,133,L,C,4.24,3.3763
L133D,133,L,D,6.0209,4.9419
L133E,133,L,E,4.8855,3.9694
L133F,133,L,F,1.4263,1.2052
L133G,133,L,G,5.6243,4.6303
L133H,133,L,H,5.5185,4.5304
L133I,133,L,I,2.7941,2.244
L133K,133,L,K,3.1029,2.4744
L133M,133,L,M,2.2035,1.7946
L133N,133,L,N,5.8263,4.7554
L133P,133,L,P,5.8602,4.7996
L133Q,133,L,Q,4.6655,3.8123
L133R,133,L,R,4.6822,3.843
L133S,133,L,S,4.4487,3.6207
L133T,133,L,T,3.8207,3.0842
L133V,133,L,V,2.2348,1.808
L133W,133,L,W,1.8693,1.5073
L133Y,133,L,Y,2.2822,1.8789
A134C,134,A,C,2.3868,2.136
A134D,134,A,D,6.4402,5.8445
A134E,134,A,E,5.7648,5.2133
A134F,134,A,F,6.3219,5.6638
A134G,134,A,G,4.4935,4.1124
A134H,134,A,H,5.8824,5.4265
A134I,134,A,I,4.8595,4.386
A134K,134,A,K,5.72,5.0372
A134L,134,A,L,5.2831,4.6548
A134M,134,A,M,5.3132,4.8083
A134N,134,A,N,6.0008,5.4672
A134P,134,A,P,6.0149,5.5103
A134Q,134,A,Q,5.7788,5.1703
A134R,134,A,R,5.1744,4.7023
A134S,134,A,S,2.7663,2.4281
A134T,134,A,T,4.8507,4.3262
A134V,134,A,V,4.2358,3.8026
A134W,134,A,W,7.3685,6.7775
A134Y,134,A,Y,6.7549,6.1238
R135A,135,R,A,0.0988,-0.1166
R135C,135,R,C,3.0879,1.2171
R135D,135,R,D,-1.1378,-0.8396
R135E,135,R,E,-0.4539,-0.2396
R135F,135,R,F,2.2952,0.881
R135G,135,R,G,1.9047,0.7523
R135H,135,R,H,1.6073,0.5361
R135I,135,R,I,2.4329,0.9573
R135K,135,R,K,-0.7644,-0.5103
R135L,135,R,L,1.499,0.5978
R135M,135,R,M,2.0612,0.7151
R135N,135,R,N,-0.0841,-0.2828
R135P,135,R,P,3.0318,1.2552
R135Q,135,R,Q,0.0243,-0.1325
R135S,135,R,S,0.5049,0.0998
R135T,135,R,T,0.3837,-0.028
R135V,135,R,V,2.2717,0.8937
R135W,135,R,W,3.0775,1.2214
R135Y,135,R,Y,2.8314,1.2062
S136A,136,S,A,1.1994,0.746
S136C,136,S,C,3.0528,1.4919
S136D,136,S,D,1.0373,0.6781
S136E,136,S,E,-0.2981,-0.0109
S136F,136,S,F,3.023,1.4149
S136G,136,S,G,2.6421,1.4344
S136H,136,S,H,1.9217,0.9179
S136I,136,S,I,3.0707,1.5767
S136K,136,S,K,0.0834,0.162
S136L,136,S,L,1.8346,0.9638
S136M,136,S,M,3.0185,1.5209
S136N,136,S,N,1.4826,0.8129
S136P,136,S,P,3.8546,1.9752
S136Q,136,S,Q,0.0499,0.08
S136R,136,S,R,0.6173,0.4101
S136T,136,S,T,1.045,0.5141
S136V,136,S,V,2.4065,1.1842
S136W,136,S,W,4.0916,2.0437
S136Y,136,S,Y,3.3178,1.6241
Y137A,137,Y,A,1.8055,1.7924
Y137C,137,Y,C,2.1923,2.0539
Y137D,137,Y,D,3.1796,2.9239
Y137E,137,Y,E,1.6993,1.5645
Y137F,137,Y,F,-1.351,-0.9621
Y137G,137,Y,G,3.1222,2.8584
Y137H,137,Y,H,0.9783,0.8629
Y137I,137,Y,I,0.3168,0.6115
Y137K,137,Y,K,0.7554,1.0354
Y137L,137,Y,L,-1.3156,-0.8543
Y137M,137,Y,M,1.2111,1.1848
Y137N,137,Y,N,2.0173,1.7152
Y137P,137,Y,P,3.3543,3.0391
Y137Q,137,Y,Q,1.2746,1.3075
Y137R,137,Y,R,1.8743,1.9213
Y137S,137,Y,S,1.4891,1.3956
Y137T,137,Y,T,2.7244,2.5558
Y137V,137,Y,V,1.5609,1.7504
Y137W,137,Y,W,-0.515,-0.2553
G138A,138,G,A,3.5164,1.4803
G138C,138,G,C,4.3552,1.7964
G138D,138,G,D,1.5149,0.5468
G138E,138,G,E,2.3997,0.9726
G138F,138,G,F,4.8805,2.1785
G138H,138,G,H,3.3831,1.4336
G138I,138,G,I,5.1278,2.2298
G138K,138,G,K,2.0076,0.9541
G138L,138,G,L,4.8715,2.124
G138M,138,G,M,4.9841,2.1695
G138N,138,G,N,0.4593,0.1491
G138P,138,G,P,4.4227,1.9982
G138Q,138,G,Q,2.5976,1.0126
G138R,138,G,R,2.3849,1.036
G138S,138,G,S,1.6686,0.6299
G138T,138,G,T,4.4106,1.9113
G138V,138,G,V,4.9942,2.1949
G138W,138,G,W,4.7351,2.0584
G138Y,138,G,Y,4.2788,1.8283
I139A,139,I,A,1.6758,1.4377
I139C,139,I,C,-0.2169,-0.283
I139D,139,I,D,4.8332,4.1992
I139E,139,I,E,5.5811,4.8359
I139F,139,I,F,3.0944,2.639
I139G,139,I,G,4.1643,3.6261
I139H,139,I,H,4.518,3.8424
I139K,139,I,K,5.3161,4.5829
I139L,139,I,L,1.5107,1.2637
I139M,139,I,M,0.6025,0.3505
I139N,139,I,N,5.4818,4.619
I139P,139,I,P,5.6145,4.8435
I139Q,139,I,Q,5.5602,4.7759
I139R,139,I,R,5.1563,4.45
I139S,139,I,S,3.2481,2.7149
I139T,139,I,T,3.7902,3.2634
I139V,139,I,V,-0.2493,-0.2256
I139W,139,I,W,3.3282,3.035
I139Y,139,I,Y,2.843,2.5437
P140A,140,P,A,2.1974,1.871
P140C,140,P,C,5.1878,4.1685
P140D,140,P,D,3.6572,3.0017
P140E,140,P,E,2.9033,2.4451
P140F,140,P,F,4.3406,3.5605
P140G,140,P,G,3.3844,2.8442
P140H,140,P,H,3.6771,3.0031
P140I,140,P,I,4.8437,3.8874
P140K,140,P,K,2.6626,2.224
P140L,140,P,L,3.8792,3.1684
P140M,140,P,M,4.6367,3.7331
P140N,140,P,N,4.3795,3.4819
P140Q,140,P,Q,2.9313,2.4525
P140R,140,P,R,2.7545,2.2579
P140S,140,P,S,2.5159,2.1232
P140T,140,P,T,3.7505,3.0705
P140V,140,P,V,4.4823,3.5883
P140W,140,P,W,6.196,4.9182
P140Y,140,P,Y,5.6904,4.5566
Y141A,141,Y,A,5.1257,4.4555
Y141C,141,Y,C,4.9936,4.3473
Y141D,141,Y,D,7.5536,6.5536
Y141E,141,Y,E,7.8935,6.8856
Y141F,141,Y,F,1.4315,1.2414
Y141G,141,Y,G,7.4964,6.5863
Y141H,141,Y,H,6.3527,5.4729
Y141I,141,Y,I,4.1021,3.6438
Y141K,141,Y,K,7.4062,6.5009
Y141L,141,Y,L,3.2423,2.8086
Y141M,141,Y,M,6.2297,5.4781
Y141N,141,Y,N,7.0423,6.1391
Y141P,141,Y,P,6.8826,6.0264
Y141Q,141,Y,Q,7.2735,6.3787
Y141R,141,Y,R,6.8201,5.9962
Y141S,141,Y,S,6.1345,5.3254
Y141T,141,Y,T,6.1376,5.3899
Y141V,141,Y,V,3.7029,3.3352
Y141W,141,Y,W,4.7115,4.1069
I142A,142,I,A,2.5824,2.301
I142C,142,I,C,2.7482,2.4323
I142D,142,I,D,5.3927,4.7503
I142E,142,I,E,4.6548,4.0987
I142F,142,I,F,-0.8717,-0.6732
I142G,142,I,G,5.0024,4.4397
I142H,142,I,H,3.3077,2.919
I142K,142,I,K,3.8711,3.4609
I142L,142,I,L,-0.2049,-0.0737
I142M,142,I,M,1.0439,0.9863
I142N,142,I,N,5.1134,4.5237
I142P,142,I,P,5.8791,5.1806
I142Q,142,I,Q,3.8494,3.4402
I142R,142,I,R,3.8563,3.453
I142S,142,I,S,4.0747,3.6014
I142T,142,I,T,3.8352,3.3198
I142V,142,I,V,-0.7193,-0.5432
I142W,142,I,W,4.7769,4.2632
I142Y,142,I,Y,1.52,1.3875
E143A,143,E,A,7.1299,6.1093
E143C,143,E,C,7.8843,6.7903
E143D,143,E,D,5.5795,4.809
E143F,143,E,F,6.0905,5.2482
E143G,143,E,G,7.6713,6.5977
E143H,143,E,H,7.7907,6.6623
E143I,143,E,I,7.6904,6.5787
E143K,143,E,K,6.251,5.3297
E143L,143,E,L,6.3838,5.389
E143M,143,E,M,7.8453,6.7144
E143N,143,E,N,7.3731,6.3759
E143P,143,E,P,6.8377,5.8996
E143Q,143,E,Q,5.7852,4.8996
E143R,143,E,R,6.765,5.793
E143S,143,E,S,6.4667,5.5777
E143T,143,E,T,7.2782,6.2561
E143V,143,E,V,7.4687,6.3916
E143W,143,E,W,8.4385,7.245
E143Y,143,E,Y,7.2831,6.1775
T144A,144,T,A,2.7074,2.4424
T144C,144,T,C,2.4926,2.42
T144D,144,T,D,8.22,7.86
T144E,144,T,E,8.2022,7.8384
T144F,144,T,F,7.0937,6.777
T144G,144,T,G,5.5098,5.2592
T144H,144,T,H,7.9989,7.6606
T144I,144,T,I,4.7567,4.4881
T144K,144,T,K,8.2237,7.8626
T144L,144,T,L,5.2313,4.9377
T144M,144,T,M,5.5834,5.3182
T144N,144,T,N,6.6715,6.4457
T144P,144,T,P,8.1032,7.7485
T144Q,144,T,Q,8.2404,7.8783
T144R,144,T,R,8.0242,7.672
T144S,144,T,S,3.2267,3.1043
T144V,144,T,V,2.8597,2.6065
T144W,144,T,W,8.2318,7.8706
T144Y,144,T,Y,7.9167,7.5674
S145A,145,S,A,7.6984,6.8324
S145C,145,S,C,6.3349,5.5259
S145D,145,S,D,7.2537,6.4048
S145E,145,S,E,9.2787,8.3646
S145F,145,S,F,9.3077,8.3816
S145G,145,S,G,9.3268,8.41
S145H,145,S,H,9.3064,8.3762
S145I,145,S,I,9.3498,8.418
S145K,145,S,K,9.1939,8.274
S145L,145,S,L,9.0317,8.1402
S145M,145,S,M,9.4601,8.5324
S145N,145,S,N,7.6454,6.785
S145P,145,S,P,9.3379,8.4192
S145Q,145,S,Q,9.3646,8.4519
S145R,145,S,R,9.1106,8.1952
S145T,145,S,T,6.458,5.5996
S145V,145,S,V,9.115,8.2022
S145W,145,S,W,9.4257,8.5016
S145Y,145,S,Y,9.3182,8.388
A146C,146,A,C,5.6613,5.1782
A146D,146,A,D,8.4099,7.7234
A146E,146,A,E,8.4359,7.7347
A146F,146,A,F,8.4671,7.7757
A146G,146,A,G,6.5536,6.0033
A146H,146,A,H,8.5671,7.8777
A146I,146,A,I,7.0773,6.4278
A146K,146,A,K,8.4612,7.7734
A146L,146,A,L,7.6355,6.9766
A146M,146,A,M,7.919,7.2771
A146N,146,A,N,7.6745,7.0582
A146P,146,A,P,7.2661,6.6219
A146Q,146,A,Q,8.6102,7.923
A146R,146,A,R,8.3802,7.7009
A146S,146,A,S,4.2346,4.0185
A146T,146,A,T,5.4106,4.8696
A146V,146,A,V,4.4646,3.9333
A146W,146,A,W,8.6472,7.96
A146Y,146,A,Y,8.2618,7.5952
K147A,147,K,A,2.9512,1.7081
K147C,147,K,C,5.1969,3.1222
K147D,147,K,D,6.9853,4.3802
K147E,147,K,E,5.1909,3.3111
K147F,147,K,F,5.2224,3.3107
K147G,147,K,G,5.6536,3.429
K147H,147,K,H,6.4431,4.0419
K147I,147,K,I,5.3731,3.5154
K147L,147,K,L,3.0845,1.946
K147M,147,K,M,4.452,2.7577
K147N,147,K,N,5.9312,3.7077
K147P,147,K,P,7.0333,4.3587
K147Q,147,K,Q,5.2631,3.295
K147R,147,K,R,2.5195,1.6432
K147S,147,K,S,4.7584,2.9236
K147T,147,K,T,5.1258,3.2387
K147V,147,K,V,4.3237,2.8355
K147W,147,K,W,6.8403,4.2222
K147Y,147,K,Y,5.4901,3.4607
T148A,148,T,A,3.8706,2.3405
T148C,148,T,C,5.5546,3.3723
T148D,148,T,D,2.9268,1.7663
T148E,148,T,E,2.7549,1.8444
T148F,148,T,F,4.7215,2.8377
T148G,148,T,G,5.4846,3.3033
T148H,148,T,H,3.9135,2.2903
T148I,148,T,I,4.7265,2.7614
T148K,148,T,K,3.7088,2.2734
T148L,148,T,L,2.7591,1.5292
T148M,148,T,M,4.418,2.645
T148N,148,T,N,2.5295,1.6378
T148P,148,T,P,6.6108,3.9671
T148Q,148,T,Q,3.4606,2.1059
T148R,148,T,R,4.2085,2.538
T148S,148,T,S,2.6476,1.591
T148V,148,T,V,5.1248,3.0518
T148W,148,T,W,6.2976,3.7894
T148Y,148,T,Y,4.4212,2.6581
R149A,149,R,A,1.6395,1.0266
R149C,149,R,C,2.998,1.9259
R149D,149,R,D,3.5873,2.1778
R149E,149,R,E,3.9215,2.6623
R149F,149,R,F,4.0755,2.6738
R149G,149,R,G,-0.6567,-0.3864
R149H,149,R,H,3.231,2.1942
R149I,149,R,I,4.9836,3.298
R149K,149,R,K,1.7113,1.1136
R149L,149,R,L,3.4834,2.3064
R149M,149,R,M,3.4752,2.3495
R149N,149,R,N,1.8718,0.9963
R149P,149,R,P,4.1529,2.7594
R149Q,149,R,Q,2.6883,2.0816
R149S,149,R,S,2.5971,1.7368
R149T,149,R,T,3.5487,2.4356
R149V,149,R,V,5.2205,3.4617
R149W,149,R,W,5.639,3.7707
R149Y,149,R,Y,3.3442,2.1752
Q150A,150,Q,A,0.8355,0.5344
Q150C,150,Q,C,3.6282,2.1453
Q150D,150,Q,D,0.9074,0.5996
Q150E,150,Q,E,-0.5561,-0.1551
Q150F,150,Q,F,1.9218,1.1402
Q150G,150,Q,G,3.3051,1.9712
Q150H,150,Q,H,1.2286,0.622
Q150I,150,Q,I,0.5925,0.0491
Q150K,150,Q,K,0.6443,0.448
Q150L,150,Q,L,1.3813,0.7718
Q150M,150,Q,M,1.6835,0.9912
Q150N,150,Q,N,2.1572,1.2696
Q150P,150,Q,P,4.2755,2.5994
Q150R,150,Q,R,1.6923,1.0368
Q150S,150,Q,S,1.3736,0.7921
Q150T,150,Q,T,0.764,0.1663
Q150V,150,Q,V,0.3042,0.0363
Q150W,150,Q,W,2.8626,1.6549
Q150Y,150,Q,Y,1.8041,1.1283
G151A,151,G,A,3.1667,2.4901
G151C,151,G,C,3.254,2.6763
G151D,151,G,D,3.3519,2.6398
G151E,151,G,E,3.7698,3.0113
G151F,151,G,F,3.7014,3.0323
G151H,151,G,H,1.8403,1.3118
G151I,151,G,I,5.2496,4.3435
G151K,151,G,K,2.7271,2.1694
G151L,151,G,L,4.4039,3.6354
G151M,151,G,M,4.017,3.2889
G151N,151,G,N,-1.1344,-1.2895
G151P,151,G,P,5.3711,4.4329
G151Q,151,G,Q,2.7881,2.1085
G151R,151,G,R,1.5974,1.3484
G151S,151,G,S,2.2099,1.7245
G151T,151,G,T,3.7827,3.1224
G151V,151,G,V,5.1958,4.2968
G151W,151,G,W,5.5613,4.6233
G151Y,151,G,Y,3.8274,3.1445
V152A,152,V,A,5.3712,5.1044
V152C,152,V,C,5.5176,5.2835
V152D,152,V,D,7.6998,7.4211
V152E,152,V,E,7.7011,7.4206
V152F,152,V,F,5.8379,5.6204
V152G,152,V,G,7.6595,7.3809
V152H,152,V,H,7.444,7.1529
V152I,152,V,I,1.7728,1.769
V152K,152,V,K,7.4061,7.1259
V152L,152,V,L,2.4408,2.6408
V152M,152,V,M,5.688,5.5342
V152N,152,V,N,7.1515,6.8515
V152P,152,V,P,6.8488,6.6035
V152Q,152,V,Q,7.4206,7.1361
V152R,152,V,R,7.509,7.2001
V152S,152,V,S,6.6089,6.3037
V152T,152,V,T,5.0435,4.7062
V152W,152,V,W,7.7502,7.4519
V152Y,152,V,Y,6.7217,6.3845
E153A,153,E,A,2.7062,2.1641
E153C,153,E,C,4.6873,3.7988
E153D,153,E,D,0.477,0.4708
E153F,153,E,F,4.3033,3.4572
E153G,153,E,G,2.9853,2.4124
E153H,153,E,H,3.2144,2.5864
E153I,153,E,I,3.4146,2.8056
E153K,153,E,K,2.7579,2.3109
E153L,153,E,L,3.371,2.7154
E153M,153,E,M,4.0559,3.2974
E153N,153,E,N,2.1846,1.8036
E153P,153,E,P,4.7419,3.8454
E153Q,153,E,Q,2.0404,1.6792
E153R,153,E,R,3.0473,2.5308
E153S,153,E,S,2.8313,2.2905
E153T,153,E,T,3.0983,2.4915
E153V,153,E,V,2.6827,2.1612
E153W,153,E,W,5.1402,4.1482
E153Y,153,E,Y,3.5747,2.8539
D154A,154,D,A,1.3883,0.8995
D154C,154,D,C,4.054,2.6746
D154E,154,D,E,-0.7129,-0.4824
D154F,154,D,F,3.8242,2.4999
D154G,154,D,G,3.2727,2.2197
D154H,154,D,H,2.7908,1.8121
D154I,154,D,I,3.609,2.3664
D154K,154,D,K,0.7536,0.5185
D154L,154,D,L,1.8215,1.1606
D154M,154,D,M,3.2973,2.1627
D154N,154,D,N,1.9496,1.2734
D154P,154,D,P,3.9154,2.6392
D154Q,154,D,Q,0.347,0.1717
D154R,154,D,R,1.9484,1.3257
D154S,154,D,S,2.317,1.5812
D154T,154,D,T,1.8606,1.183
D154V,154,D,V,3.1256,2.0565
D154W,154,D,W,4.8495,3.2487
D154Y,154,D,Y,3.5242,2.2972
A155C,155,A,C,3.4838,3.3341
A155D,155,A,D,7.0936,6.949
A155E,155,A,E,7.1344,6.9812
A155F,155,A,F,5.2332,5.1437
A155G,155,A,G,4.8698,4.8049
A155H,155,A,H,7.2399,7.0888
A155I,155,A,I,2.5687,2.4887
A155K,155,A,K,7.139,6.9844
A155L,155,A,L,2.1393,2.0462
A155M,155,A,M,2.8145,2.7439
A155N,155,A,N,7.1469,6.9962
A155P,155,A,P,4.8175,4.5554
A155Q,155,A,Q,7.2078,7.0554
A155R,155,A,R,7.1747,7.0231
A155S,155,A,S,3.8949,3.7691
A155T,155,A,T,3.2831,3.2046
A155V,155,A,V,1.2861,1.2443
A155W,155,A,W,7.2522,7.1
A155Y,155,A,Y,7.0116,6.8648
F156A,156,F,A,5.8304,5.7082
F156C,156,F,C,6.4578,6.319
F156D,156,F,D,7.5157,7.3828
F156E,156,F,E,6.8519,6.7314
F156G,156,F,G,6.8385,6.7136
F156H,156,F,H,7.0933,6.9727
F156I,156,F,I,4.1529,4.0428
F156K,156,F,K,6.1349,6.0251
F156L,156,F,L,3.7063,3.6338
F156M,156,F,M,5.7648,5.6321
F156N,156,F,N,7.5289,7.3998
F156P,156,F,P,7.2815,7.1498
F156Q,156,F,Q,6.7746,6.6686
F156R,156,F,R,5.9545,5.8271
F156S,156,F,S,6.5507,6.4325
F156T,156,F,T,6.1805,6.0649
F156V,156,F,V,3.5042,3.4405
F156W,156,F,W,6.9211,6.8053
F156Y,156,F,Y,3.5043,3.441
Y157A,157,Y,A,2.415,2.1142
Y157C,157,Y,C,3.5081,3.1159
Y157D,157,Y,D,3.1932,2.6573
Y157E,157,Y,E,1.8707,1.557
Y157F,157,Y,F,-0.1924,-0.1712
Y157G,157,Y,G,4.1356,3.536
Y157H,157,Y,H,0.7373,0.6666
Y157I,157,Y,I,1.8498,1.7049
Y157K,157,Y,K,3.3026,2.8111
Y157L,157,Y,L,1.896,1.6385
Y157M,157,Y,M,2.584,2.2562
Y157N,157,Y,N,3.2773,2.81
Y157P,157,Y,P,5.0118,4.3945
Y157Q,157,Y,Q,2.1721,1.7492
Y157R,157,Y,R,3.3279,2.8699
Y157S,157,Y,S,2.3521,2.0333
Y157T,157,Y,T,1.8639,1.5541
Y157V,157,Y,V,1.9559,1.7642
Y157W,157,Y,W,5.3618,4.6696
T158A,158,T,A,0.7506,0.6936
T158C,158,T,C,2.1928,1.8846
T158D,158,T,D,0.9318,0.803
T158E,158,T,E,0.3683,0.2425
T158F,158,T,F,2.3736,2.0033
T158G,158,T,G,1.6974,1.4916
T158H,158,T,H,2.4673,2.1029
T158I,158,T,I,1.6776,1.4952
T158K,158,T,K,1.4785,1.2129
T158L,158,T,L,-0.005,0.0409
T158M,158,T,M,1.7422,1.5256
T158N,158,T,N,1.1831,1.0369
T158P,158,T,P,3.8778,3.3575
T158Q,158,T,Q,1.1572,0.9743
T158R,158,T,R,2.2207,1.8531
T158S,158,T,S,0.8651,0.7125
T158V,158,T,V,2.0864,1.8584
T158W,158,T,W,3.3001,2.9229
T158Y,158,T,Y,2.449,2.0943
L159A,159,L,A,3.604,3.6314
L159C,159,L,C,3.7694,3.7675
L159D,159,L,D,7.5124,7.4774
L159E,159,L,E,7.4458,7.4038
L159F,159,L,F,5.2302,5.1964
L159G,159,L,G,5.8528,5.8307
L159H,159,L,H,7.4435,7.3983
L159I,159,L,I,2.1568,2.1985
L159K,159,L,K,7.2806,7.2405
L159M,159,L,M,3.5183,3.5326
L159N,159,L,N,7.3902,7.3438
L159P,159,L,P,6.6255,6.5895
L159Q,159,L,Q,7.465,7.4187
L159R,159,L,R,7.475,7.4334
L159S,159,L,S,5.0058,4.9822
L159T,159,L,T,4.8716,4.8031
L159V,159,L,V,1.7616,1.8216
L159W,159,L,W,7.0014,6.9794
L159Y,159,L,Y,7.0004,6.9677
V160A,160,V,A,2.6198,2.2916
V160C,160,V,C,3.6585,3.549
V160D,160,V,D,6.8473,6.5242
V160E,160,V,E,6.1963,5.9176
V160F,160,V,F,4.2612,3.9386
V160G,160,V,G,4.8072,4.5336
V160H,160,V,H,5.5034,5.3326
V160I,160,V,I,1.8129,1.6917
V160K,160,V,K,6.0332,5.7598
V160L,160,V,L,2.2763,1.987
V160M,160,V,M,3.9215,3.7048
V160N,160,V,N,5.9857,5.6797
V160P,160,V,P,6.6737,6.3572
V160Q,160,V,Q,5.4817,5.2999
V160R,160,V,R,6.0599,5.8268
V160S,160,V,S,4.3451,4.0716
V160T,160,V,T,3.4662,3.1905
V160W,160,V,W,6.3578,6.0322
V160Y,160,V,Y,4.9772,4.8089
R161A,161,R,A,3.9094,2.7154
R161C,161,R,C,5.4615,3.9638
R161D,161,R,D,4.228,3.0447
R161E,161,R,E,3.4582,2.4475
R161F,161,R,F,5.8833,4.2496
R161G,161,R,G,4.4197,3.142
R161H,161,R,H,3.6267,2.5678
R161I,161,R,I,5.2475,3.789
R161K,161,R,K,2.0645,1.5272
R161L,161,R,L,4.4736,3.2328
R161M,161,R,M,4.9451,3.5906
R161N,161,R,N,3.1932,2.2236
R161P,161,R,P,6.1786,4.494
R161Q,161,R,Q,3.6302,2.689
R161S,161,R,S,3.0705,2.1858
R161T,161,R,T,3.6463,2.5516
R161V,161,R,V,5.0972,3.6961
R161W,161,R,W,6.357,4.666
R161Y,161,R,Y,5.0107,3.6369
E162A,162,E,A,1.1454,1.1464
E162C,162,E,C,3.4042,3.2123
E162D,162,E,D,1.8754,1.7551
E162F,162,E,F,4.0246,3.7375
E162G,162,E,G,3.622,3.3492
E162H,162,E,H,2.6339,2.3847
E162I,162,E,I,2.5224,2.3827
E162K,162,E,K,1.2273,1.1094
E162L,162,E,L,0.7972,0.8415
E162M,162,E,M,1.465,1.4463
E162N,162,E,N,1.9062,1.738
E162P,162,E,P,5.2149,4.7732
E162Q,162,E,Q,0.692,0.5672
E162R,162,E,R,1.3369,1.268
E162S,162,E,S,2.0872,1.934
E162T,162,E,T,2.426,2.2788
E162V,162,E,V,1.7281,1.749
E162W,162,E,W,4.9241,4.529
E162Y,162,E,Y,3.6866,3.398
I163A,163,I,A,3.8121,3.7573
I163C,163,I,C,5.6082,5.4624
I163D,163,I,D,6.9599,6.7474
I163E,163,I,E,6.5122,6.2642
I163F,163,I,F,5.5943,5.4566
I163G,163,I,G,6.7883,6.5978
I163H,163,I,H,6.7066,6.5424
I163K,163,I,K,6.2751,6.1237
I163L,163,I,L,2.3894,2.3591
I163M,163,I,M,3.7735,3.541
I163N,163,I,N,6.7555,6.5392
I163P,163,I,P,7.3592,7.1516
I163Q,163,I,Q,7.3006,7.1042
I163R,163,I,R,7.0048,6.7909
I163S,163,I,S,5.4064,5.2923
I163T,163,I,T,4.7186,4.6143
I163V,163,I,V,2.1897,2.1361
I163W,163,I,W,6.4147,6.2013
I163Y,163,I,Y,6.6062,6.4967
R164A,164,R,A,5.5387,4.5445
R164C,164,R,C,6.4127,5.2021
R164D,164,R,D,6.3418,4.978
R164E,164,R,E,5.7298,4.5824
R164F,164,R,F,6.1558,4.8431
R164G,164,R,G,7.1778,5.8693
R164H,164,R,H,4.2599,3.3664
R164I,164,R,I,4.6758,3.7792
R164K,164,R,K,2.2443,1.8962
R164L,164,R,L,4.1491,3.4109
R164M,164,R,M,5.2115,4.1729
R164N,164,R,N,4.0422,3.1975
R164P,164,R,P,7.1756,5.8824
R164Q,164,R,Q,4.5565,3.7159
R164S,164,R,S,4.5524,3.6698
R164T,164,R,T,5.3604,4.3313
R164V,164,R,V,5.326,4.3262
R164W,164,R,W,5.9951,4.8424
R164Y,164,R,Y,4.5166,3.5271
Q165A,165,Q,A,-0.0284,-0.1123
Q165C,165,Q,C,2.2946,1.4337
Q165D,165,Q,D,0.5571,0.4181
Q165E,165,Q,E,0.3998,0.2944
Q165F,165,Q,F,2.843,1.831
Q165G,165,Q,G,0.5294,0.3675
Q165H,165,Q,H,1.514,0.9083
Q165I,165,Q,I,1.5274,0.9151
Q165K,165,Q,K,-1.2796,-1.0089
Q165L,165,Q,L,0.5314,0.2329
Q165M,165,Q,M,2.0057,1.2896
Q165N,165,Q,N,-0.4669,-0.3724
Q165P,165,Q,P,2.8253,1.9303
Q165R,165,Q,R,-0.94,-0.7914
Q165S,165,Q,S,0.2583,0.096
Q165T,165,Q,T,0.838,0.5509
Q165V,165,Q,V,1.69,1.0943
Q165W,165,Q,W,3.0574,1.9689
Q165Y,165,Q,Y,2.1908,1.3954
H166A,166,H,A,0.4794,0.3393
H166C,166,H,C,2.1206,1.9321
H166D,166,H,D,1.2865,1.126
H166E,166,H,E,0.5396,0.4825
H166F,166,H,F,0.2656,0.2247
H166G,166,H,G,0.6293,0.6029
H166I,166,H,I,-0.9311,-0.6014
H166K,166,H,K,-0.6561,-0.6257
H166L,166,H,L,-0.0434,-0.0031
H166M,166,H,M,0.9566,0.861
H166N,166,H,N,0.0208,-0.0355
H166P,166,H,P,1.4935,1.4034
H166Q,166,H,Q,-0.6241,-0.5708
H166R,166,H,R,-1.2821,-1.1708
H166S,166,H,S,-0.1242,-0.1525
H166T,166,H,T,0.1792,0.1247
H166V,166,H,V,-0.1397,0.0045
H166W,166,H,W,1.7496,1.5955
H166Y,166,H,Y,-1.0271,-0.8302
K167A,167,K,A,2.1028,1.429
K167C,167,K,C,4.2681,2.915
K167D,167,K,D,1.8731,1.1273
K167E,167,K,E,0.9872,0.5678
K167F,167,K,F,3.2522,2.2119
K167G,167,K,G,2.6837,1.7633
K167H,167,K,H,2.4682,1.6958
K167I,167,K,I,3.1386,2.1769
K167L,167,K,L,2.4239,1.6495
K167M,167,K,M,3.0744,2.1226
K167N,167,K,N,0.8877,0.4939
K167P,167,K,P,2.3433,1.6054
K167Q,167,K,Q,0.8116,0.5434
K167R,167,K,R,-0.7328,-0.6449
K167S,167,K,S,1.3743,0.8904
K167T,167,K,T,2.38,1.5764
K167V,167,K,V,2.8475,1.9576
K167W,167,K,W,4.6055,3.119
K167Y,167,K,Y,2.9243,2.0688
L168A,168,L,A,0.6529,0.2773
L168C,168,L,C,2.5088,1.2081
L168D,168,L,D,0.3483,0.1765
L168E,168,L,E,0.144,0.1139
L168F,168,L,F,1.4,0.6821
L168G,168,L,G,1.1401,0.5711
L168H,168,L,H,1.1753,0.5685
L168I,168,L,I,1.2063,0.5841
L168K,168,L,K,-0.6353,-0.2807
L168M,168,L,M,1.2071,0.5896
L168N,168,L,N,0.8257,0.4917
L168P,168,L,P,0.6427,0.2895
L168Q,168,L,Q,-0.0817,-0.0426
L168R,168,L,R,-0.6278,-0.4114
L168S,168,L,S,0.2874,0.2228
L168T,168,L,T,0.459,0.2469
L168V,168,L,V,1.0159,0.5418
L168W,168,L,W,2.9312,1.4274
L168Y,168,L,Y,1.6255,0.7627
R169A,169,R,A,0.7816,0.4985
R169C,169,R,C,3.1443,1.9372
R169D,169,R,D,0.5516,0.4315
R169E,169,R,E,0.2221,0.2203
R169F,169,R,F,2.095,1.3036
R169G,169,R,G,1.0179,0.6353
R169H,169,R,H,2.2937,1.4036
R169I,169,R,I,1.5043,0.9047
R169K,169,R,K,-0.2416,-0.1119
R169L,169,R,L,0.6166,0.4209
R169M,169,R,M,2.2343,1.293
R169N,169,R,N,0.6673,0.4493
R169P,169,R,P,0.6119,0.4136
R169Q,169,R,Q,0.2678,0.1867
R169S,169,R,S,-0.0166,0.0643
R169T,169,R,T,-0.0069,0.0467
R169V,169,R,V,1.5911,0.9889
R169W,169,R,W,3.6106,2.2299
R169Y,169,R,Y,2.3065,1.4278
K170A,170,K,A,1.6387,0.7628
K170C,170,K,C,3.8774,1.7652
K170D,170,K,D,1.6765,0.7698
K170E,170,K,E,0.9152,0.4683
K170F,170,K,F,3.566,1.6226
K170G,170,K,G,2.4458,1.1639
K170H,170,K,H,2.3966,1.0605
K170I,170,K,I,2.0978,0.9051
K170L,170,K,L,1.1777,0.4138
K170M,170,K,M,2.0446,0.7935
K170N,170,K,N,1.1141,0.5107
K170P,170,K,P,1.7632,0.7613
K170Q,170,K,Q,1.0326,0.4307
K170R,170,K,R,1.0213,0.4479
K170S,170,K,S,0.6149,0.2691
K170T,170,K,T,1.4651,0.5859
K170V,170,K,V,1.9715,0.7913
K170W,170,K,W,3.8191,1.7344
K170Y,170,K,Y,3.0789,1.3842
L171A,171,L,A,-0.2402,-0.1115
L171C,171,L,C,1.8362,0.5787
L171D,171,L,D,0.9222,0.3192
L171E,171,L,E,0.309,0.1473
L171F,171,L,F,1.7915,0.5653
L171G,171,L,G,1.0744,0.3294
L171H,171,L,H,1.8485,0.6334
L171I,171,L,I,0.4951,0.1475
L171K,171,L,K,-0.0124,0.0031
L171M,171,L,M,1.5433,0.5182
L171N,171,L,N,-0.0858,-0.0403
L171P,171,L,P,0.1586,0.0328
L171Q,171,L,Q,0.5734,0.2091
L171R,171,L,R,0.3679,0.1182
L171S,171,L,S,-0.3231,-0.1132
L171T,171,L,T,0.2266,0.083
L171V,171,L,V,0.9483,0.3625
L171W,171,L,W,2.6174,0.8476
L171Y,171,L,Y,1.7781,0.5875
N172A,172,N,A,0.3358,0.1295
N172C,172,N,C,2.4532,0.9424
N172D,172,N,D,0.1479,0.0297
N172E,172,N,E,-0.83,-0.3264
N172F,172,N,F,1.4339,0.5609
N172G,172,N,G,0.978,0.3951
N172H,172,N,H,1.4128,0.5475
N172I,172,N,I,0.8451,0.3701
N172K,172,N,K,-0.0628,-0.0379
N172L,172,N,L,0.2729,0.1017
N172M,172,N,M,1.3654,0.5275
N172P,172,N,P,0.46,0.1893
N172Q,172,N,Q,0.71,0.2535
N172R,172,N,R,0.316,0.096
N172S,172,N,S,-0.3519,-0.1301
N172T,172,N,T,0.3928,0.1534
N172V,172,N,V,0.8763,0.3489
N172W,172,N,W,2.3286,0.9017
N172Y,172,N,Y,1.8817,0.7216
P173A,173,P,A,0.361,0.1373
P173C,173,P,C,2.4472,0.9581
P173D,173,P,D,0.1514,0.0806
P173E,173,P,E,-0.1054,-0.0298
P173F,173,P,F,1.8408,0.723
P173G,173,P,G,1.2033,0.4692
P173H,173,P,H,1.212,0.49
P173I,173,P,I,1.0102,0.3877
P173K,173,P,K,-0.4235,-0.1578
P173L,173,P,L,0.8054,0.31
P173M,173,P,M,1.5716,0.612
P173N,173,P,N,0.2845,0.1147
P173Q,173,P,Q,0.1808,0.106
P173R,173,P,R,-0.0877,-0.0301
P173S,173,P,S,0.0099,0.0115
P173T,173,P,T,0.1669,0.0501
P173V,173,P,V,1.1613,0.4583
P173W,173,P,W,2.4774,0.9653
P173Y,173,P,Y,2.0621,0.8104
P174A,174,P,A,0.3101,0.0634
P174C,174,P,C,1.8249,0.4188
P174D,174,P,D,0.1787,0.0067
P174E,174,P,E,0.0251,0.0258
P174F,174,P,F,1.6339,0.3836
P174G,174,P,G,0.7699,0.1706
P174H,174,P,H,1.3321,0.3245
P174I,174,P,I,0.4219,0.0467
P174K,174,P,K,-0.2129,-0.0406
P174L,174,P,L,0.3754,0.0272
P174M,174,P,M,0.9588,0.1885
P174N,174,P,N,-0.0536,-0.037
P174Q,174,P,Q,0.1034,0.0144
P174R,174,P,R,0.0403,-0.0295
P174S,174,P,S,-0.4323,-0.1374
P174T,174,P,T,0.177,0.0231
P174V,174,P,V,0.2459,0.0146
P174W,174,P,W,2.1046,0.5053
P174Y,174,P,Y,1.6097,0.3739
D175A,175,D,A,0.3401,0.1048
D175C,175,D,C,2.0281,0.7095
D175E,175,D,E,-0.6327,-0.2046
D175F,175,D,F,1.8615,0.6521
D175G,175,D,G,1.0443,0.3478
D175H,175,D,H,1.2164,0.4193
D175I,175,D,I,1.2157,0.4308
D175K,175,D,K,-0.7085,-0.2612
D175L,175,D,L,1.1272,0.3739
D175M,175,D,M,1.6343,0.5743
D175N,175,D,N,-0.1049,-0.0443
D175P,175,D,P,0.4126,0.1456
D175Q,175,D,Q,-0.1377,-0.0683
D175R,175,D,R,0.3786,0.0984
D175S,175,D,S,-0.3899,-0.1564
D175T,175,D,T,0.124,0.0396
D175V,175,D,V,0.67,0.251
D175W,175,D,W,2.0949,0.7337
D175Y,175,D,Y,1.9126,0.673
E176A,176,E,A,0.5453,0.0502
E176C,176,E,C,2.3371,0.3401
E176D,176,E,D,0.4965,0.0364
E176F,176,E,F,2.0657,0.2897
E176G,176,E,G,1.1758,0.139
E176H,176,E,H,1.5911,0.2418
E176I,176,E,I,1.7807,0.2504
E176K,176,E,K,-0.0696,0.0149
E176L,176,E,L,1.4,0.1879
E176M,176,E,M,2.0527,0.3054
E176N,176,E,N,0.2739,0.0193
E176P,176,E,P,1.0867,0.1366
E176Q,176,E,Q,0.5375,0.0919
E176R,176,E,R,0.3692,0.0441
E176S,176,E,S,-0.3577,-0.1167
E176T,176,E,T,0.4572,0.0486
E176V,176,E,V,1.2994,0.1644
E176W,176,E,W,2.396,0.343
E176Y,176,E,Y,1.9036,0.2548
S177A,177,S,A,1.2436,0.5322
S177C,177,S,C,2.549,1.0593
S177D,177,S,D,1.2136,0.513
S177E,177,S,E,0.3568,0.1993
S177F,177,S,F,2.3847,0.9945
S177G,177,S,G,1.7158,0.7203
S177H,177,S,H,1.7715,0.7402
S177I,177,S,I,1.8462,0.7832
S177K,177,S,K,0.0359,0.0241
S177L,177,S,L,1.403,0.581
S177M,177,S,M,2.1591,0.8961
S177N,177,S,N,0.5728,0.2565
S177P,177,S,P,1.5957,0.6839
S177Q,177,S,Q,0.8739,0.3548
S177R,177,S,R,0.7672,0.3344
S177T,177,S,T,0.8378,0.3618
S177V,177,S,V,1.8463,0.7644
S177W,177,S,W,2.5854,1.0799
S177Y,177,S,Y,2.3291,0.9786
G178A,178,G,A,0.3624,0.1331
G178C,178,G,C,1.5859,0.4939
G178D,178,G,D,0.5444,0.1864
G178E,178,G,E,0.1069,0.0653
G178F,178,G,F,1.6233,0.5094
G178H,178,G,H,1.0033,0.319
G178I,178,G,I,1.1279,0.3552
G178K,178,G,K,-0.8798,-0.2335
G178L,178,G,L,1.0701,0.3421
G178M,178,G,M,1.2907,0.4085
G178N,178,G,N,-0.2066,-0.0368
G178P,178,G,P,0.8985,0.2884
G178Q,178,G,Q,-0.1228,-0.0057
G178R,178,G,R,-0.0195,0.0201
G178S,178,G,S,-0.6822,-0.2133
G178T,178,G,T,-0.0302,0.0055
G178V,178,G,V,1.0536,0.3371
G178W,178,G,W,1.6935,0.5277
G178Y,178,G,Y,1.5414,0.4824
P179A,179,P,A,0.1028,0.0323
P179C,179,P,C,1.2162,0.3053
P179D,179,P,D,0.3466,0.0909
P179E,179,P,E,-0.3543,-0.0872
P179F,179,P,F,1.1346,0.2856
P179G,179,P,G,0.5813,0.1523
P179H,179,P,H,0.6833,0.1715
P179I,179,P,I,0.8142,0.2037
P179K,179,P,K,-1.231,-0.3058
P179L,179,P,L,0.8622,0.2159
P179M,179,P,M,1.0369,0.2602
P179N,179,P,N,-0.4718,-0.1135
P179Q,179,P,Q,-0.3054,-0.0735
P179R,179,P,R,-0.2078,-0.0518
P179S,179,P,S,-0.9903,-0.2419
P179T,179,P,T,-0.2286,-0.0502
P179V,179,P,V,0.6279,0.1557
P179W,179,P,W,1.2531,0.3146
P179Y,179,P,Y,1.1165,0.282
G180A,180,G,A,0.5036,0.1053
G180C,180,G,C,1.1285,0.1666
G180D,180,G,D,0.5454,0.1127
G180E,180,G,E,0.0661,0.0549
G180F,180,G,F,1.3291,0.2095
G180H,180,G,H,0.8317,0.142
G180I,180,G,I,1.005,0.1685
G180K,180,G,K,-1.1142,-0.1358
G180L,180,G,L,1.0459,0.17
G180M,180,G,M,1.1912,0.1888
G180N,180,G,N,-0.0648,0.037
G180P,180,G,P,1.1648,0.1861
G180Q,180,G,Q,-0.0782,0.0375
G180R,180,G,R,-0.1411,-0.0086
G180S,180,G,S,-0.1181,0.0286
G180T,180,G,T,0.1837,0.0597
G180V,180,G,V,0.6427,0.1108
G180W,180,G,W,1.3487,0.2097
G180Y,180,G,Y,1.2934,0.2051
C181A,181,C,A,0.744,0.2681
C181D,181,C,D,1.2031,0.4667
C181E,181,C,E,0.8064,0.2908
C181F,181,C,F,1.3738,0.54
C181G,181,C,G,1.3523,0.5298
C181H,181,C,H,1.0087,0.3944
C181I,181,C,I,0.6718,0.2574
C181K,181,C,K,-0.4452,-0.2294
C181L,181,C,L,0.8332,0.3153
C181M,181,C,M,1.1823,0.4649
C181N,181,C,N,0.4647,0.1563
C181P,181,C,P,1.2917,0.5061
C181Q,181,C,Q,0.4037,0.1315
C181R,181,C,R,0.6694,0.2544
C181S,181,C,S,0.1099,0.0432
C181T,181,C,T,0.4442,0.1464
C181V,181,C,V,0.6564,0.2528
C181W,181,C,W,1.4983,0.5945
C181Y,181,C,Y,1.46,0.5794
M182A,182,M,A,-0.0137,0.0085
M182C,182,M,C,0.2163,0.0132
M182D,182,M,D,0.2965,0.0364
M182E,182,M,E,-0.0823,0.0169
M182F,182,M,F,0.3322,0.0401
M182G,182,M,G,0.2964,0.0415
M182H,182,M,H,0.0693,0.0033
M182I,182,M,I,-0.0643,-0.0106
M182K,182,M,K,-1.4662,-0.1173
M182L,182,M,L,0.1058,0.0031
M182N,182,M,N,-0.6055,-0.074
M182P,182,M,P,0.3746,0.0461
M182Q,182,M,Q,-0.575,-0.0435
M182R,182,M,R,-0.1814,0.0061
M182S,182,M,S,-0.9081,-0.094
M182T,182,M,T,-0.2911,-0.0285
M182V,182,M,V,-0.3391,-0.0314
M182W,182,M,W,0.4637,0.0529
M182Y,182,M,Y,0.3257,0.0285
S183A,183,S,A,0.9855,0.4248
S183C,183,S,C,1.157,0.4964
S183D,183,S,D,1.1412,0.4864
S183E,183,S,E,0.8279,0.3508
S183F,183,S,F,1.2029,0.5147
S183G,183,S,G,0.7468,0.3267
S183H,183,S,H,1.1932,0.5094
S183I,183,S,I,1.2435,0.5335
S183K,183,S,K,-0.9588,-0.4441
S183L,183,S,L,1.1483,0.4937
S183M,183,S,M,1.1341,0.4869
S183N,183,S,N,0.5648,0.231
S183P,183,S,P,1.2206,0.525
S183Q,183,S,Q,0.4262,0.1678
S183R,183,S,R,0.3698,0.1552
S183T,183,S,T,0.8292,0.3506
S183V,183,S,V,1.127,0.4864
S183W,183,S,W,1.3002,0.5592
S183Y,183,S,Y,1.2763,0.5483
C184A,184,C,A,1.1137,0.3644
C184D,184,C,D,1.248,0.405
C184E,184,C,E,1.0599,0.3514
C184F,184,C,F,1.1449,0.374
C184G,184,C,G,0.6976,0.2556
C184H,184,C,H,1.1776,0.3809
C184I,184,C,I,1.0348,0.3421
C184K,184,C,K,-0.3819,-0.053
C184L,184,C,L,1.0536,0.3455
C184M,184,C,M,1.17,0.3814
C184N,184,C,N,0.7845,0.2616
C184P,184,C,P,1.291,0.4157
C184Q,184,C,Q,0.9214,0.3067
C184R,184,C,R,0.6373,0.2348
C184S,184,C,S,0.508,0.1821
C184T,184,C,T,0.9661,0.3234
C184V,184,C,V,0.9217,0.3057
C184W,184,C,W,1.2809,0.4122
C184Y,184,C,Y,1.2049,0.3944
K185A,185,K,A,1.959,0.2515
K185C,185,K,C,1.5489,0.1908
K185D,185,K,D,1.9763,0.2561
K185E,185,K,E,2.0456,0.2646
K185F,185,K,F,2.0624,0.2673
K185G,185,K,G,1.5809,0.1919
K185H,185,K,H,1.8079,0.2252
K185I,185,K,I,2.1073,0.2743
K185L,185,K,L,2.0655,0.2671
K185M,185,K,M,2.0493,0.2631
K185N,185,K,N,1.6904,0.2142
K185P,185,K,P,2.0731,0.2692
K185Q,185,K,Q,1.652,0.2101
K185R,185,K,R,0.9818,0.1122
K185S,185,K,S,1.541,0.1895
K185T,185,K,T,1.808,0.2288
K185V,185,K,V,2.0884,0.2699
K185W,185,K,W,2.1303,0.2767
K185Y,185,K,Y,2.1303,0.2767
C186A,186,C,A,3.6403,0.8369
C186D,186,C,D,3.664,0.8421
C186E,186,C,E,3.664,0.8421
C186F,186,C,F,3.664,0.8421
C186G,186,C,G,3.664,0.8421
C186H,186,C,H,3.664,0.8421
C186I,186,C,I,3.6218,0.833
C186K,186,C,K,3.6497,0.839
C186L,186,C,L,3.6209,0.8328
C186M,186,C,M,3.664,0.8421
C186N,186,C,N,3.622,0.8331
C186P,186,C,P,3.664,0.8421
C186Q,186,C,Q,3.5976,0.8285
C186R,186,C,R,3.664,0.8421
C186S,186,C,S,3.658,0.8405
C186T,186,C,T,3.6313,0.8346
C186V,186,C,V,3.6337,0.8342
C186W,186,C,W,3.664,0.8421
C186Y,186,C,Y,3.664,0.8421
V187A,187,V,A,0.9245,0.1394
V187C,187,V,C,0.8221,0.1236
V187D,187,V,D,0.9946,0.1501
V187E,187,V,E,0.9566,0.1443
V187F,187,V,F,0.9556,0.1441
V187G,187,V,G,0.9946,0.1501
V187H,187,V,H,0.9945,0.1501
V187I,187,V,I,0.2036,0.0298
V187K,187,V,K,0.9633,0.1453
V187L,187,V,L,0.5007,0.0745
V187M,187,V,M,0.8314,0.1254
V187N,187,V,N,0.9321,0.1405
V187P,187,V,P,0.9946,0.1501
V187Q,187,V,Q,0.9919,0.1497
V187R,187,V,R,0.9566,0.1443
V187S,187,V,S,0.7042,0.1056
V187T,187,V,T,0.4383,0.0653
V187W,187,V,W,0.9946,0.1501
V187Y,187,V,Y,0.9939,0.15
L188A,188,L,A,0.1734,0.0241
L188C,188,L,C,0.1734,0.0241
L188D,188,L,D,0.1734,0.0241
L188E,188,L,E,0.1734,0.0241
L188F,188,L,F,0.1734,0.0241
L188G,188,L,G,0.1734,0.0241
L188H,188,L,H,0.1734,0.0241
L188I,188,L,I,-0.2898,-0.0405
L188K,188,L,K,0.1734,0.0241
L188M,188,L,M,0.1734,0.024
L188N,188,L,N,0.1734,0.0241
L188P,188,L,P,0.1734,0.0241
L188Q,188,L,Q,0.1734,0.0241
L188R,188,L,R,0.1734,0.0241
L188S,188,L,S,0.1734,0.0241
L188T,188,L,T,0.1734,0.0241
L188V,188,L,V,0.0477,0.0067
L188W,188,L,W,0.1734,0.0241
L188Y,188,L,Y,0.1734,0.0241
S189A,189,S,A,0.0022,-0.0
S189C,189,S,C,0.0022,-0.0
S189D,189,S,D,0.0022,-0.0
S189E,189,S,E,0.0022,-0.0
S189F,189,S,F,0.0022,-0.0
S189G,189,S,G,0.0022,-0.0
S189H,189,S,H,0.0022,-0.0
S189I,189,S,I,0.0022,-0.0
S189K,189,S,K,0.0022,-0.0
S189L,189,S,L,0.0022,-0.0
S189M,189,S,M,0.0022,-0.0
S189N,189,S,N,0.0022,-0.0
S189P,189,S,P,0.0022,-0.0
S189Q,189,S,Q,0.0022,-0.0
S189R,189,S,R,0.0022,-0.0
S189T,189,S,T,0.0022,-0.0
S189V,189,S,V,0.0022,-0.0
S189W,189,S,W,0.0022,-0.0
S189Y,189,S,Y,0.0022,-0.0
