Mutation	Pdb	total energy	Backbone Hbond	Sidechain Hbond	Van der Waals	Electrostatics	Solvation Polar	Solvation Hydrophobic	Van der Waals clashes	entropy sidechain	entropy mainchain	sloop_entropy	mloop_entropy	cis_bond	torsional clash	backbone clash	helix dipole	water bridge	disulfide	electrostatic kon	partial covalent bonds	energy Ionisation	Entropy Complex
AA121C;	AICDA_1.pdb	-0.491157	0	-0.220973	-0.366935	-0.00545789	0.162249	-0.464381	0.0176227	0.397272	-0.0106623	0	0	0	0.000109529	0.0445975	-2.77556e-14	0	0	0	0	0	0
AA121D;	AICDA_2.pdb	-0.628006	0	0	-0.0516943	0.0284388	-0.52599	-0.0359638	0.00632529	0.0974685	-0.0331277	0	0	0	1.8101e-05	0.0174349	-0.113481	0	0	0	0	0	0
AA121E;	AICDA_3.pdb	0.160787	-8.52651e-14	-7.10543e-15	-0.180334	0.182098	0.244097	-0.223368	0.00677269	0.216274	-0.0302465	0	0	0	0.00150913	0.0220112	-0.0560166	0	0	0	0	0	0
AA121F;	AICDA_4.pdb	-0.644485	0.0576315	0.0594619	-0.942515	-0.412231	0.977358	-1.39082	0.119144	0.362705	0.294305	0	0	0	0.22512	0.236648	0.00535313	0	0	0	0	5.55112e-17	0
AA121G;	AICDA_5.pdb	-0.308646	-0.0019795	0	0.243361	0.000277874	-0.796681	0.401572	-0.0668907	-0.0552212	-0.0256186	0	0	0	-0.00746602	-0.0805683	2.22045e-16	0	0	0	0	0	0
AA121H;	AICDA_6.pdb	-0.289231	0.000609288	-2.91193	-0.723044	-0.0600929	1.21024	-0.767137	0.142123	2.56037	0.212963	0	0	0	-0.000502804	0.169624	-0.00491034	0	0	0	0	0.0520849	0
AA121I;	AICDA_7.pdb	-0.847268	0.359511	-0.570018	-0.449072	-0.00310095	-0.469853	-1.25521	-0.131549	1.00704	0.214492	0	0	0	0.230482	0.149334	0.22001	0	0	0	0	-4.996e-15	0
AA121K;	AICDA_8.pdb	-0.533303	-3.12639e-13	-0.533689	-0.729535	-0.766477	0.979536	-1.04322	0.048796	1.37049	0.0884357	0	0	0	0.00329375	0.113269	0.0490637	0	0	0	0	0	0
AA121L;	AICDA_9.pdb	-0.802733	0.0217176	-1.55141	-0.581241	0.141558	0.399278	-1.19175	-0.047034	1.9136	-0.0458532	0	0	0	0.0905364	0.253491	0.0340031	0	0	0	0	0.0138747	0
AA121M;	AICDA_10.pdb	0.0606309	0.00264231	1.48507e-07	-0.398854	0.00313662	0.187441	-0.69053	0.00870529	0.630812	0.279385	0	0	0	-0.00285989	0.058817	0.0407524	0	0	0	0	-5.10703e-15	0
AA121N;	AICDA_11.pdb	-2.16721	-0.00665067	-3.52286	-0.439741	-0.0226709	0.268916	-0.337575	0.109229	1.77435	-0.0319502	0	0	0	0.0072773	0.0786894	0.0344602	0	0	0	0	-1.55431e-15	0
AA121P;	AICDA_12.pdb	-0.448422	0	0	-0.103619	-0.0143502	0.118062	-0.104718	0.018605	0.114786	-0.476349	0	0	0	-0.00083924	-0.789911	2.22045e-14	0	0	0	0	0	0
AA121Q;	AICDA_13.pdb	-0.74238	0	-1.74014	-0.658372	-0.00224635	0.647831	-0.925734	0.0411562	1.75774	0.112588	0	0	0	0.0247975	0.123429	-9.93872e-13	0	0	0	0	0	0
AA121R;	AICDA_14.pdb	-1.14466	0.00252054	-2.49375	-0.701342	-0.136454	0.585618	-0.939667	0.0776219	2.17186	0.125684	0	0	0	0.0739829	0.0612775	0.0892673	0	0	0	0	-4.82947e-15	0
AA121S;	AICDA_15.pdb	-0.555525	0	0	-0.0293514	0.000295816	-0.46016	0.0991224	-0.00832082	0.0680115	-0.22523	0	0	0	0.00010831	-0.0112476	4.44089e-16	0	0	0	0	0	0
AA121T;	AICDA_16.pdb	-0.0917439	0	0	-0.216671	-0.0249015	-0.239194	-0.235078	0.0158743	0.147433	0.330563	0	0	0	0.13023	0.0950189	0	0	0	0	0	0	0
AA121V;	AICDA_17.pdb	0.0433024	0	0	-0.369395	-0.00570144	0.411054	-0.536852	0.0292381	0.131092	0.379011	0	0	0	0.00485647	0.0732951	0	0	0	0	0	0	0
AA121W;	AICDA_18.pdb	-0.756232	0.150479	-1.23564	-0.599597	-0.33834	0.652733	-0.768992	0.0374534	0.904951	0.405428	0	0	0	0.0280648	0.115849	0.00723143	0	0	0	0	5.88155e-11	0
AA121Y;	AICDA_19.pdb	-0.749044	-0.0355785	-0.0329415	-0.974134	-0.438788	1.18108	-1.37079	0.10011	0.335307	0.294687	0	0	0	0.183651	0.226676	0.00835621	0	0	0	0	5.88155e-11	0
CA116A;	AICDA_20.pdb	-0.512347	0.126069	0.126069	0.830929	-5.55112e-17	-0.240309	1.10099	-0.000977035	-1.00458	-1.44718	0	0	0	-0.00335569	-0.000515005	0	0	0	0	0	0	0
CA116D;	AICDA_21.pdb	1.50892	0.122647	0.120739	-0.340724	0.0562644	3.38644	-0.0835717	0.0364503	-0.196763	-1.50256	0	0	0	0.00136777	0.0212465	-0.0913765	0	0	0	0	0	0
CA116E;	AICDA_22.pdb	1.56856	0.114558	0.107423	-0.954521	0.156762	3.82581	-1.11124	0.0386523	0.589743	-1.0377	0	0	0	0.0100672	0.11358	-0.170993	0	0	0	0	5.88158e-11	0
CA116F;	AICDA_23.pdb	0.70511	0.880656	0.857283	-1.89636	2.68557e-07	1.49809	-3.50998	2.89949	-0.0230165	0.170695	0	0	0	-0.234085	0.126118	0.0623368	0	0	0	0	5.88158e-11	0
CA116G;	AICDA_24.pdb	-0.0124308	0.126166	0.125186	1.41228	0	-0.640982	2.16472	-0.0011284	-1.28467	-1.89408	0	0	0	-0.0199279	-0.00405091	0	0	0	0	0	0	0
CA116H;	AICDA_25.pdb	-0.73174	0.0984412	-0.516544	-1.66689	-4.11316e-07	2.87494	-2.12248	1.30605	0.125897	-0.999482	0	0	0	0.0057168	0.129367	3.17747e-07	0	0	0	0	0.162608	0
CA116I;	AICDA_26.pdb	-1.40252	0.0994909	0.110638	-1.00265	-0.0246757	1.28258	-1.91729	0.022678	0.0748879	-0.977498	0	0	0	0.929319	0.251758	3.17913e-07	0	0	0	0	5.88182e-11	0
CA116K;	AICDA_27.pdb	-2.89112	-0.761332	-2.31277	-1.80826	-0.113836	4.45747	-2.56098	-0.0581304	1.14357	-1.03835	0	0	0	0.111386	0.22354	0.0501116	0	0	0	0	5.88181e-11	0
CA116L;	AICDA_28.pdb	0.12315	0.105911	0.084562	-1.33236	9.99201e-16	0.896048	-2.97649	2.83702	0.271521	0.174533	0	0	0	0.0624031	0.0655473	0	0	0	0	0	0	0
CA116M;	AICDA_29.pdb	-2.24345	0.0889362	0.0591251	-1.94175	-0.000712564	1.29342	-3.50666	0.287064	1.13144	0.315486	0	0	0	0.0301978	0.261269	0	0	0	0	0	0	0
CA116N;	AICDA_30.pdb	0.175434	0.121607	0.114499	-0.584499	-0.000178467	2.08232	-0.303026	0.116221	-0.0430803	-1.43583	0	0	0	0.107396	0.0734771	3.16972e-07	0	0	0	0	5.8818e-11	0
CA116P;	AICDA_31.pdb	-1.05129	0.126083	0.123971	0.47828	0	-0.0341292	0.65061	0.272352	-0.691629	-1.96796	0	0	0	-0.00887068	-1.36607	0	0	0	0	0	0	0
CA116Q;	AICDA_32.pdb	0.308269	-0.464992	-0.544978	-1.37188	-0.000818226	2.4549	-1.5322	0.68608	1.00141	0.0649821	0	0	0	0.0157633	0.166181	0	0	0	0	0	0	0
CA116R;	AICDA_33.pdb	0.938233	-0.43051	-0.880595	-2.88353	-1.60459	5.66542	-2.50694	1.52878	1.10459	0.517041	0	0	0	0.270505	0.5191	0.158058	0	0	0	0	5.8818e-11	0
CA116S;	AICDA_34.pdb	0.230662	-0.130866	-0.132354	0.48961	0	0.597156	1.22468	-0.000636282	-0.465281	-1.34995	0	0	0	-0.00169662	0.0716355	0	0	0	0	0	0	0
CA116T;	AICDA_35.pdb	1.09724	0.123836	0.123836	-0.0734807	1.11022e-16	1.07845	-0.108452	0.0838523	-0.386831	0.0708297	0	0	0	0.185206	0.0020833	0	0	0	0	0	0	0
CA116V;	AICDA_36.pdb	-0.589249	0.125186	0.125186	-0.473294	0	0.72493	-1.11602	0.030913	-0.441876	0.198102	0	0	0	0.237622	0.0342469	0	0	0	0	0	0	0
CA116W;	AICDA_37.pdb	13.2601	0.0742103	-1.29122	-2.84159	-3.59712e-14	2.07247	-4.91187	19.5832	0.0913647	0.315838	0	0	0	0.0353152	0.223402	0.132353	0	0	0	0	0	0
CA116Y;	AICDA_38.pdb	3.38546	0.834815	0.127854	-1.89498	-0.000109432	2.30607	-2.85605	4.55685	0.0694849	0.01435	0	0	0	0.164487	0.102926	0.0626877	0	0	0	0	5.8818e-11	0
DA118A;	AICDA_39.pdb	0.442824	0.349214	0.349214	0.168578	0.318206	-0.296525	0.167935	7.10543e-15	-0.577437	-0.0202665	0	0	0	-0.0188938	-0.00225814	0.00279991	0	0	0	0	0	0
DA118C;	AICDA_40.pdb	0.754857	0.455517	0.455517	0.0271357	0.25957	-0.160657	-0.0223206	0.00961197	-0.43335	0.178999	0	0	0	-0.0184661	-0.000331845	0.00330072	0	0	0	0	5.8818e-11	0
DA118E;	AICDA_41.pdb	-0.469714	-0.373284	-0.373285	-0.0620774	0.0918075	-0.0629073	-0.16563	-0.0121326	0.450604	0.0298809	0	0	0	0.00757393	0.00229998	-0.000264352	0	0	0	0	-5.8818e-11	0
DA118F;	AICDA_42.pdb	0.396737	0.425792	0.425792	-0.302589	0.455278	-0.0584457	-0.565991	-7.10543e-15	-0.278711	0.312621	0	0	0	-0.0197841	0.000956973	0.00277494	0	0	0	0	0	0
DA118G;	AICDA_43.pdb	0.733962	0.454531	0.454531	0.230939	0.386593	-0.381394	0.250849	7.10543e-15	-0.621277	-0.0232374	0	0	0	-0.0203343	-0.00541742	0.00276346	0	0	0	0	0	0
DA118H;	AICDA_44.pdb	0.533566	0.347137	0.347137	-0.197911	0.352025	0.0234882	-0.306671	-4.53326e-12	-0.30744	0.249078	0	0	0	-0.0248455	0.00135949	0.00278592	0	0	0	0	0.0487825	0
DA118I;	AICDA_45.pdb	0.926886	0.454531	0.454531	-0.00607199	0.312936	-0.0527039	-0.0219896	-4.51195e-12	-0.551278	0.350273	0	0	0	-0.0161038	0.00196649	0.00276346	0	0	0	0	0	0
DA118K;	AICDA_46.pdb	0.688481	1.01267	1.01267	0.180582	0.536296	-0.602646	0.0053296	0.0091932	-1.57859	0.0760839	0	0	0	0.0277896	-0.118276	0.0091056	0	0	0	0	5.8818e-11	0
DA118L;	AICDA_47.pdb	0.434524	0.43963	0.43963	-0.0796819	0.34854	-0.104511	-0.234988	3.51008e-12	-0.477848	0.113903	0	0	0	-0.0129232	0.0017051	0.00277218	0	0	0	0	0	0
DA118M;	AICDA_48.pdb	0.687941	0.619163	0.619164	-0.471524	0.562912	-0.0720303	-1.02865	0.0112387	-0.0132794	0.461583	0	0	0	-0.00830273	-0.150357	0.00766752	0	0	0	0	5.8818e-11	0
DA118N;	AICDA_49.pdb	0.449933	0.10201	0.10201	0.222238	0.542995	-0.413645	0.206932	0.0102983	-0.414521	0.0804732	0	0	0	0.00859432	-0.00156338	0.00254917	0	0	0	0	5.8818e-11	0
DA118P;	AICDA_50.pdb	0.00896977	0.416697	0.416697	0.0132101	0.351035	-0.113793	-0.0467194	0.000234172	-0.556048	-0.450619	0	0	0	-0.0244931	-0.672004	0.00276908	0	0	0	0	0	0
DA118Q;	AICDA_1.pdb	0.400707	0.608698	0.608698	0.137625	0.647607	-0.686517	0.0371768	0.0203998	-1.02967	0.0718757	0	0	0	-0.0236233	-0.154225	0.00843486	0	0	0	0	0	0
DA118R;	AICDA_2.pdb	0.517401	0.714283	-1.37174	-0.172438	0.798914	0.081046	-0.0545077	0.0124966	0.419204	0.0270883	0	0	0	0.0548728	-0.0428878	0.00817988	0	0	0	0	0	0
DA118S;	AICDA_3.pdb	0.665156	0.461438	0.461438	0.0840055	0.28273	-0.0552213	0.13111	-6.31921e-11	-0.561162	-0.126625	0	0	0	-0.0153245	-0.00168602	0.0027682	0	0	0	0	0	0
DA118T;	AICDA_4.pdb	0.875075	0.454531	0.454531	0.0770928	0.27751	-0.0909818	0.0957597	0	-0.545781	0.167047	0	0	0	-0.0173973	0.00106473	0.00276346	0	0	0	0	0	0
DA118V;	AICDA_5.pdb	0.692014	0.389196	0.389196	0.00937549	0.393018	-0.110468	-0.0328736	-6.30074e-11	-0.530116	0.235389	0	0	0	-0.0534101	0.00341647	0.00270615	0	0	0	0	0	0
DA118W;	AICDA_6.pdb	0.150039	0.415301	0.435528	-0.373588	0.406676	0.150712	-0.628654	-5.68434e-14	-0.455294	0.209106	0	0	0	-0.0125231	0.103118	0.00277595	0	0	0	0	0	0
DA118Y;	AICDA_7.pdb	0.397642	0.353446	0.353446	-0.320396	0.337051	0.0811596	-0.527272	-0.00579172	-0.138755	0.292056	0	0	0	-0.0307168	0.000502048	0.00341369	0	0	0	0	0	0
EA117A;	AICDA_8.pdb	0.665365	0.677683	0.677683	0.3931	0.347831	-0.633052	0.403308	-0.00248036	-0.908081	-0.243268	0	0	0	-0.0563023	-0.0936607	0.00894349	0	0	0	0	0	0
EA117C;	AICDA_9.pdb	0.654783	0.422766	0.422766	0.286495	0.362771	-0.434865	0.271846	-9.59233e-14	-0.672632	0.00815505	0	0	0	-0.0203365	-0.114584	0.00781617	0	0	0	0	0	0
EA117D;	AICDA_10.pdb	-0.310918	0.0980802	0.0980802	0.167686	-0.0441598	-0.299885	0.201582	-0.00627715	-0.43898	-0.0877938	0	0	0	0.000990452	-0.0030082	-0.000239698	0	0	0	0	0	0
EA117F;	AICDA_11.pdb	0.263836	0.819917	0.819917	-0.541287	0.0288544	0.31855	-0.847308	-0.00594755	-0.662497	0.26092	0	0	0	0.0674339	0.00291968	0.0052829	0	0	0	0	0	0
EA117G;	AICDA_12.pdb	0.574711	0.648071	0.648071	0.606612	0.347927	-1.17364	0.61838	-2.62901e-13	-1.0123	-0.0462777	0	0	0	-0.0708615	-0.163699	0.00872524	0	0	0	0	0	0
EA117H;	AICDA_13.pdb	0.834908	0.380769	0.380769	0.0727374	0.0388337	0.088337	0.359926	0.00273334	-0.671172	0.136293	0	0	0	-0.0100348	-0.000580826	0.00693574	0	0	0	0	0.0487825	0
EA117I;	AICDA_14.pdb	0.199997	0.682768	0.682768	-0.392152	0.503117	0.0292284	-0.902967	-0.00144155	-0.452361	0.059723	0	0	0	-0.0179552	-0.103549	0.00926816	0	0	0	0	0	0
EA117K;	AICDA_15.pdb	0.732888	0.656041	0.656041	0.216065	0.220827	-0.226926	0.170152	2.24887e-12	-0.914772	-0.0454591	0	0	0	-0.00958508	-0.0863487	0.0105049	0	0	0	0	0	0
EA117L;	AICDA_16.pdb	0.340817	-0.0621874	0.131766	-0.377458	0.411641	0.502412	-0.671211	-0.00609359	0.0399127	0.184644	0	0	0	0.177225	-0.103324	0.0101671	0	0	0	0	0	0
EA117M;	AICDA_17.pdb	0.639642	0.805611	0.805611	-0.83748	0.101447	0.709393	-1.22077	-0.00585759	-0.0665522	0.321261	0	0	0	0.0222958	0.00671881	0.0046813	0	0	0	0	0	0
EA117N;	AICDA_18.pdb	0.428982	0.298204	0.298204	0.171748	0.157541	-0.29738	0.223055	-8.52651e-14	-0.438973	0.0131063	0	0	0	4.37283e-07	-0.00262363	0.00347582	0	0	0	0	0	0
EA117P;	AICDA_19.pdb	0.996895	0.824948	0.581072	0.249229	-0.0783976	-0.844417	0.243276	1.54817	-0.720065	-0.868528	0	0	0	-0.0024228	-0.783653	0.0640283	0	0	0	0	0	0
EA117Q;	AICDA_20.pdb	0.468324	0.217145	0.217145	0.0204693	0.153871	0.0150245	0.0660831	-2.83009e-11	-0.313631	0.0888009	0	0	0	-1.77636e-14	0.000381774	0.00341602	0	0	0	0	0	0
EA117R;	AICDA_21.pdb	0.337969	0.062099	0.0208673	0.068904	-0.0665812	-0.489486	-0.0522315	-0.125975	-0.0529753	0.158451	0	0	0	0.756307	-0.193416	0.0585897	0	0	0	0	0	0
EA117S;	AICDA_22.pdb	0.411267	0.453035	0.453035	0.368386	0.446892	-0.689883	0.419772	-7.4607e-14	-0.788036	-0.221435	0	0	0	-0.0386811	-0.0785298	0.00818247	0	0	0	0	0	0
EA117T;	AICDA_23.pdb	0.361132	0.67036	0.67036	0.45498	0.412402	-0.896904	0.452506	-1.86517e-13	-1.11392	-0.18291	0	0	0	-0.115718	-0.194622	0.00997255	0	0	0	0	0	0
EA117V;	AICDA_24.pdb	-0.0094532	0.385571	0.385571	-0.658027	0.0213481	0.626791	-0.980504	0.0440534	-0.132176	0.214499	0	0	0	0.0778658	0.00657133	0.00555568	0	0	0	0	0	0
EA117W;	AICDA_25.pdb	0.304191	-0.0361057	0.193813	-0.678867	-0.204509	1.02493	-0.837439	0.0130793	0.0128383	0.652405	0	0	0	0.156299	0.168038	0.00774553	0	0	0	0	0	0
EA117Y;	AICDA_26.pdb	0.34076	0.92768	-1.13918	-0.179626	0.377579	0.185259	-0.314292	-0.00558787	0.470218	0.0966388	0	0	0	-0.0839887	-0.115576	0.00606094	0	0	0	0	0	0
EA122A;	AICDA_27.pdb	0.577439	0.817311	0.814555	1.35928	0.550444	-2.6295	1.63162	-0.055762	-1.69584	-0.325255	0	0	0	-0.0272427	-0.267086	0.137835	0	0	0	0	0	0
EA122C;	AICDA_28.pdb	0.660902	0.0276971	-0.0421921	0.874411	1.31522	-1.81748	1.51267	-0.0319786	-0.998728	0.36283	0	0	0	-0.688801	-0.253686	0.147253	0	0	0	0	0	0
EA122D;	AICDA_29.pdb	0.296958	-0.571586	0.0731278	1.0071	0.542961	-0.964964	1.61079	-0.240522	-1.21615	0.0824062	0	0	0	-0.0177216	-0.234669	-0.0084865	0	0	0	0	-1.66533e-16	0
EA122F;	AICDA_30.pdb	-0.384271	0.878802	0.879	-0.710033	0.421307	-0.494418	-1.38217	-0.00249256	-0.599418	0.377488	0	0	0	0.0271829	0.0621895	0.220478	0	0	0	0	0	0
EA122G;	AICDA_31.pdb	1.82301	0.410708	0.408501	2.34068	0.788433	-3.73242	3.17117	0.0103021	-1.51797	-0.116541	0	0	0	-0.0610237	-0.440966	0.121174	0	0	0	0	-2.22045e-16	0
EA122H;	AICDA_32.pdb	-0.737475	0.240739	0.249409	-0.411827	0.0486909	-0.317336	-0.483135	0.0447681	-0.72304	0.370317	0	0	0	0.0105301	0.100215	0.160735	0	0	0	0	0.072674	0
EA122I;	AICDA_33.pdb	-1.43849	0.774563	0.784121	-0.702839	0.17932	-0.543571	-1.64788	0.0532544	-0.686812	0.211305	0	0	0	-0.00952286	0.0805748	0.149567	0	0	0	0	0	0
EA122K;	AICDA_34.pdb	0.319591	0.879	0.879	0.0649406	0.275266	-1.06047	-0.363563	0.0360535	-0.608981	0.0202362	0	0	0	-0.00713025	-0.0073938	0.205236	0	0	0	0	4.9738e-14	0
EA122L;	AICDA_35.pdb	-0.362428	0.801257	0.836932	-0.78132	0.154444	-0.389111	-1.63381	1.0916	-0.711129	0.0582593	0	0	0	0.0437454	0.202714	0.166702	0	0	0	0	-4.9627e-14	0
EA122M;	AICDA_36.pdb	-0.248755	0.865074	0.874446	-0.593513	0.0802692	-0.527954	-1.21697	0.0521764	-0.218748	0.246442	0	0	0	0.0413961	0.168382	0.148622	0	0	0	0	4.9738e-14	0
EA122N;	AICDA_37.pdb	0.46712	0.258337	0.256045	0.312715	0.50294	-1.02074	0.747759	-0.114599	-0.89924	0.230964	0	0	0	0.0316179	-0.0703581	0.161322	0	0	0	0	0	0
EA122P;	AICDA_38.pdb	-0.104249	0.881807	0.877838	0.527365	-0.0345576	-1.80898	0.469369	1.27513	-1.26483	-1.23838	0	0	0	0.0607596	-0.885963	0.150228	0	0	0	0	4.9627e-14	0
EA122Q;	AICDA_39.pdb	-0.612063	-1.60638	-1.58599	-0.196455	0.770438	-0.379553	0.320942	1.04032	0.758301	0.120937	0	0	0	0.0108674	0.0103459	0.134511	0	0	0	0	4.96825e-14	0
EA122R;	AICDA_40.pdb	0.59938	0.0240405	0.739266	0.126853	0.586721	-0.956773	0.28877	-0.0946931	-0.686865	0.263503	0	0	0	0.0713342	-0.0494892	0.237224	0	0	0	0	4.9738e-14	0
EA122S;	AICDA_41.pdb	1.16284	0.417093	0.361751	0.962566	0.249605	-1.30714	1.80195	-0.0160123	-1.22974	-0.251382	0	0	0	0.0152314	-0.159458	0.158912	0	0	0	0	0	0
EA122T;	AICDA_42.pdb	1.01319	0.854468	0.823023	0.394807	0.113378	-0.78324	0.615695	-0.0211226	-1.25013	0.049851	0	0	0	0.0501369	-0.170114	0.16632	0	0	0	0	0	0
EA122V;	AICDA_43.pdb	-0.543917	0.862262	1.2485	-0.516183	0.509519	-0.938625	-1.28033	0.13482	-1.1354	0.344856	0	0	0	0.0798833	0.0710194	0.146786	0	0	0	0	4.95715e-14	0
EA122W;	AICDA_44.pdb	-0.0893817	1.50542	1.50764	-1.37791	0.33808	0.298579	-2.38361	0.152701	-0.989129	0.524501	0	0	0	0.0447071	0.0979173	0.28964	0	0	0	0	4.95159e-14	0
EA122Y;	AICDA_45.pdb	-0.304487	0.87074	0.867364	-0.196576	1.36825	-0.981186	-0.609231	-0.112992	-1.47625	0.427013	0	0	0	-0.67233	-0.000892778	0.210709	0	0	0	0	4.95159e-14	0
FA115A;	AICDA_46.pdb	1.2709	0	0	0.745359	1.78534	-0.328616	1.17034	-0.00929418	-1.33132	-0.0511573	0	0	0	-0.709758	-0.0266326	0	0	0	0	0	0	0
FA115C;	AICDA_47.pdb	2.05613	0	-1.263	0.486587	1.83257	-0.278407	0.859143	-0.243174	0.126387	1.20253	0	0	0	-0.666495	-0.0316892	0	0	0	0	0	0	0
FA115D;	AICDA_48.pdb	0.99719	0	-5.46407e-12	0.621321	1.65852	-0.0877361	1.02681	-0.0026917	-1.10653	-0.392758	0	0	0	-0.705979	-0.024197	-0.0137704	0	0	0	0	0	0
FA115E;	AICDA_49.pdb	1.06406	-2.6148e-12	-2.11173e-11	0.310812	1.38732	-0.0418993	0.530539	-0.107343	-1.04886	0.313704	0	0	0	-0.271067	-0.0109758	-0.00914057	0	0	0	0	0	0
FA115G;	AICDA_50.pdb	1.06285	5.05976e-07	0.238825	0.928808	1.64806	-0.735764	1.50555	-0.23823	-1.46614	-0.470879	0	0	0	-0.344207	-0.0441135	-0.00316659	0	0	0	0	4.94604e-14	0
FA115H;	AICDA_1.pdb	0.895527	2.84217e-14	-1.74652	0.214306	1.73142	0.317869	0.541852	-0.0544545	0.574633	-0.0403719	0	0	0	-0.691991	-0.00827034	-3.68594e-14	0	0	0	0	0.0487825	0
FA115I;	AICDA_2.pdb	2.50742	0	0	-0.328307	0.97022	0.454109	-0.613753	-0.000318414	-0.255028	1.39858	0	0	0	0.881917	-0.00394136	0	0	0	0	0	0	0
FA115K;	AICDA_3.pdb	0.789243	-2.72812e-06	-2.2326e-06	0.096394	2.08619	-0.0786448	0.0850956	0.0185724	-0.735677	-0.0272021	0	0	0	-0.657724	0.0370928	0.0022461	0	0	0	0	0	0
FA115L;	AICDA_4.pdb	1.55766	0.0601742	0.0716642	-0.0145576	1.73813	0.0541361	-0.156479	0.000293404	-0.80143	1.26539	0	0	0	-0.654457	0.0131561	-0.00519805	0	0	0	0	-5.55112e-17	0
FA115M;	AICDA_5.pdb	1.93858	0.174883	0.128913	0.00203329	1.96681	-0.106034	-0.137041	-0.182836	-0.634556	1.38181	0	0	0	-0.663313	0.111993	0.00790331	0	0	0	0	-5.55112e-17	0
FA115N;	AICDA_6.pdb	-0.215181	0.20752	-3.08987	0.102325	1.63137	0.517654	0.421107	-0.0910982	0.982399	-0.245249	0	0	0	-0.660876	-0.0809962	0.00953494	0	0	0	0	0	0
FA115P;	AICDA_7.pdb	3.94392	0	0	0.38734	1.78016	-0.374003	0.573367	2.43469	-1.20613	1.03792	0	0	0	-0.689427	-0.684361	0	0	0	0	0	0	0
FA115Q;	AICDA_8.pdb	1.10998	-0.64487	-2.11928	0.337218	2.27929	-0.0416178	0.757137	-0.01724	0.882202	0.216226	0	0	0	-0.520595	-0.0228365	-0.0184967	0	0	0	0	-5.55112e-17	0
FA115R;	AICDA_9.pdb	1.03482	2.38742e-12	-1.64601	0.193495	1.99762	0.150659	0.450376	0.0102962	0.487981	0.0079736	0	0	0	-0.631606	-0.0171499	0.0140356	0	0	0	0	0	0
FA115S;	AICDA_10.pdb	1.11812	0	-1.263	0.560651	1.79679	-0.0520574	1.12355	-0.0438519	-0.222092	-0.120261	0	0	0	-0.661605	0.0130793	0	0	0	0	0	0	0
FA115T;	AICDA_11.pdb	1.8852	0	0	0.333041	1.68443	0.27736	0.71443	-0.0287723	-1.14897	-0.0979114	0	0	0	0.151587	-0.0248328	0	0	0	0	0	0	0
FA115V;	AICDA_12.pdb	3.31451	1.77004e-06	1.23544e-06	-0.333605	1.68414	0.729626	-0.51086	1.18935	-0.869173	1.37203	0	0	0	0.0519626	0.0736166	0.00102995	0	0	0	0	-1.66533e-16	0
FA115W;	AICDA_13.pdb	1.39863	0	0	0.0999164	0.700258	0.317484	0.221882	-0.00138695	-0.545439	1.2645	0	0	0	-0.658579	-0.00954269	0	0	0	0	0	0	0
FA115Y;	AICDA_14.pdb	-0.0308093	-0.0304371	-0.0302971	-0.338776	-0.388779	0.419544	-0.455658	-0.0499727	0.289096	0.143603	0	0	0	0.432444	0.0213641	-0.0215784	0	0	0	0	2.22045e-16	0
KA120A;	AICDA_15.pdb	0.654806	0.772716	0.772716	0.284793	0.0779584	-0.644237	0.32438	0.00713349	-1.04096	0.116373	0	0	0	-0.00903677	-0.00477621	-0.00703021	0	0	0	0	0	0
KA120C;	AICDA_16.pdb	0.438385	0.658404	0.32792	-0.0524964	0.0806062	-0.0741117	-0.0282252	0.060106	-0.468163	-0.0519571	0	0	0	-0.00650483	0.0476218	-0.00719361	0	0	0	0	-2.77556e-16	0
KA120D;	AICDA_17.pdb	0.877896	-0.0887771	-0.0887771	0.0293752	0.64166	-0.0420026	0.0370293	0.0178619	-0.308835	0.661746	0	0	0	0.0632957	0.0397752	-0.0446807	0	0	0	0	0	0
KA120E;	AICDA_18.pdb	0.859734	0	-6.66489e-12	0.075168	0.442476	-0.0341416	0.170781	-0.00197866	0.0410251	0.192616	0	0	0	0.0023866	-0.00580786	-0.0285989	0	0	0	0	0	0
KA120F;	AICDA_19.pdb	-0.090156	0.116149	-0.177109	0.0911867	0.524611	-0.557805	0.0849481	-0.174705	-0.177364	0.181236	0	0	0	0.00808071	-0.165751	-0.00938405	0	0	0	0	2.22045e-16	0
KA120G;	AICDA_20.pdb	0.822433	0.654733	0.654733	0.614769	0.0797009	-1.01879	0.850465	-0.028781	-0.907878	-0.0442782	0	0	0	-0.024803	-0.0542776	-0.00743723	0	0	0	0	0	0
KA120H;	AICDA_21.pdb	0.221812	-0.1409	0.341601	0.944397	0.585812	-1.43419	1.11924	-0.016563	-1.0197	-0.198467	0	0	0	-0.17105	-0.158241	-0.0415488	0	0	0	0	0.253182	0
KA120I;	AICDA_22.pdb	0.286416	1.65407e-06	0.448053	-0.711079	0.593899	0.730939	-1.2613	0.0460737	-0.172161	0.437415	0	0	0	0.191074	0.119725	-0.0165026	0	0	0	0	-4.44089e-16	0
KA120L;	AICDA_23.pdb	-0.140341	-1.58186e-06	0.4282	-0.333373	0.629294	-0.240087	-0.740756	-0.0674832	-0.0860968	0.213098	0	0	0	0.0768893	-0.0111166	-0.0200254	0	0	0	0	4.44089e-16	0
KA120M;	AICDA_24.pdb	0.285473	-0.0666716	0.21161	-0.611064	0.608286	0.152428	-0.838689	-0.0356008	0.395475	0.478074	0	0	0	0.0109844	0.0430234	-0.01936	0	0	0	0	-4.44089e-16	0
KA120N;	AICDA_25.pdb	-0.0298643	0.288585	-1.25966	-0.250547	0.0690726	0.364834	-0.192809	0.730295	-0.317786	0.502834	0	0	0	0.0419927	0.08089	-0.00667242	0	0	0	0	0	0
KA120P;	AICDA_26.pdb	2.92146	-0.33109	0.178914	-0.135787	0.592519	0.274844	-0.209156	2.35816	-0.407061	0.634035	0	0	0	-0.00402726	-0.668269	-0.0298892	0	0	0	0	4.44089e-16	0
KA120Q;	AICDA_27.pdb	-0.235684	0.876955	-0.881045	-0.238334	0.0981479	0.0446763	-0.359189	0.0888216	0.0895226	0.0759739	0	0	0	-0.0234116	0.069156	-0.00780248	0	0	0	0	0	0
KA120R;	AICDA_28.pdb	-1.51587	0.0707106	-3.39969	0.0550891	-0.51297	-0.220602	0.320759	0.87072	0.928241	0.23265	0	0	0	0.0676069	-0.191434	0.0716146	0	0	0	0	4.44089e-16	0
KA120S;	AICDA_29.pdb	0.630798	-0.442973	-0.71058	0.541341	0.523028	-0.648937	1.12163	-0.0951143	0.0704967	0.288317	0	0	0	-0.00157909	-0.0753433	-0.0148305	0	0	0	0	0	0
KA120T;	AICDA_30.pdb	0.924788	-0.448859	0.093305	-0.269547	0.618576	0.287653	-0.367738	0.832456	-0.260755	0.462146	0	0	0	-0.00194125	0.0145786	-0.0205084	0	0	0	0	0	0
KA120V;	AICDA_31.pdb	1.00834	0	0.296197	0.193006	0.717458	-0.158982	0.343908	0.0419513	-0.592204	0.0589132	0	0	0	0.126386	-0.0285277	-0.0182936	0	0	0	0	0	0
KA120W;	AICDA_32.pdb	-0.120902	0.777679	0.764704	0.0472148	2.47509	-1.06554	-0.426639	-0.0554801	-1.91889	0.0758191	0	0	0	-0.7785	-0.186732	-0.0163577	0	0	0	0	4.996e-16	0
KA120Y;	AICDA_33.pdb	-0.0651351	0	0	-0.199903	0.291381	-0.136127	-0.169565	-0.0630297	0.11618	0.10825	0	0	0	-0.000999449	-0.0741172	-0.0113227	0	0	0	0	0	0
LA113A;	AICDA_34.pdb	3.28316	0.0332271	-7.10543e-15	1.98229	0	-0.549164	4.00007	-0.01464	-1.98176	-0.180794	0	0	0	-0.00606816	-0.0691181	0	0	0	0	0	0	0
LA113C;	AICDA_35.pdb	3.22192	0.0269537	0	1.31308	0	-0.480916	3.03307	-0.000116719	-0.748909	0.0867374	0	0	0	-0.00798312	-0.0846783	0	0	0	0	0	0	0
LA113D;	AICDA_36.pdb	5.03917	0.0318723	2.54374e-12	1.11787	-0.467109	2.2776	3.03255	-0.108277	-0.709928	-0.102168	0	0	0	-0.0291515	-0.0798408	-0.00408706	0	0	0	0	0	0
LA113E;	AICDA_37.pdb	4.87049	0.0716251	0.0732645	0.292373	-0.446967	2.98336	1.67691	0.256707	0.272531	-0.220511	0	0	0	-0.0878324	-0.00511725	-0.000972832	0	0	0	0	3.33067e-16	0
LA113F;	AICDA_38.pdb	3.29	-0.185311	-0.14391	0.699138	0.00804726	0.449447	2.08858	1.0631	-0.730266	-0.12862	0	0	0	0.169144	0.449817	0.000640253	0	0	0	0	3.33067e-16	0
LA113G;	AICDA_39.pdb	4.50088	0.109624	0.0152764	2.51406	-3.3466e-06	-1.04568	4.78461	0.00901285	-2.18528	0.307309	0	0	0	-0.0080528	-0.102263	-1.36896e-07	0	0	0	0	3.33067e-16	0
LA113H;	AICDA_40.pdb	3.88048	-0.597669	-0.621224	-0.0378371	4.30767e-14	1.56816	1.23008	2.87429	-0.499177	-0.190937	0	0	0	-0.00782139	0.00585785	-3.79696e-14	0	0	0	0	0.162608	0
LA113I;	AICDA_41.pdb	1.36716	0.029488	0	0.288657	2.22045e-16	0.454392	0.94059	-0.0784368	-0.280847	-0.0263864	0	0	0	0.0397056	-0.019514	0	0	0	0	0	0	0
LA113K;	AICDA_42.pdb	4.43	-0.00226919	-0.0443214	-0.312129	0.197486	3.36606	0.517293	0.173178	0.76663	-0.148433	0	0	0	-0.0839518	-0.105464	0.000459019	0	0	0	0	5.55112e-16	0
LA113M;	AICDA_43.pdb	-0.138599	-0.00954974	-0.0516048	-0.412363	3.35287e-14	0.0756863	-0.268422	0.00069206	0.717243	-0.208437	0	0	0	0.0181553	-0.0853785	0	0	0	0	0	0	0
LA113N;	AICDA_44.pdb	4.06423	0.0108916	-0.328431	0.679232	3.80343e-06	1.30805	2.5992	-0.0105218	-0.307743	0.128983	0	0	0	-0.0154281	-0.0826498	1.34125e-07	0	0	0	0	-4.996e-16	0
LA113P;	AICDA_45.pdb	1.70929	0.0121162	-2.55795e-13	1.44453	9.99201e-16	-1.18331	2.67466	0.0253165	-1.46509	0.208206	0	0	0	-0.007144	-0.0849553	0	0	0	0	0	0	0
LA113Q;	AICDA_46.pdb	2.82309	-0.653311	-0.688853	0.0730119	6.9611e-14	1.58507	1.55278	0.0474859	0.702424	0.216108	0	0	0	-0.0116336	0.0788792	0	0	0	0	0	0	0
LA113R;	AICDA_47.pdb	5.69067	-0.0293763	-1.47091	-0.992181	0.122078	3.57136	0.795792	2.8786	0.7363	-0.0836002	0	0	0	0.155808	-0.0844719	0.00680308	0	0	0	0	0	0
LA113S;	AICDA_48.pdb	4.16241	0.0368837	-0.282755	1.60395	1.66533e-15	0.164607	3.86475	-0.000549721	-1.04967	-0.17254	0	0	0	-0.00227015	-0.0856299	0	0	0	0	0	0	0
LA113T;	AICDA_49.pdb	3.67176	0.0455739	8.31335e-13	1.24514	3.66374e-15	0.330273	2.90719	-0.000542159	-0.860139	-0.0217099	0	0	0	0.0259849	-0.0770265	0	0	0	0	0	0	0
LA113V;	AICDA_50.pdb	2.04188	0.0295185	0	0.858139	0	0.0173948	1.90909	0.00122334	-0.882563	0.0153503	0	0	0	0.0937238	-0.0549294	0	0	0	0	0	0	0
LA113W;	AICDA_1.pdb	5.46769	0.33737	0.340474	0.0979911	-0.289899	1.36527	1.38237	1.11603	-0.838257	0.475921	0	0	0	1.47822	0.309988	0.00218466	0	0	0	0	0	0
LA113Y;	AICDA_2.pdb	3.86672	0.0850852	0.0861848	0.680869	-9.48575e-13	0.56198	2.07678	1.19055	-0.888042	-0.0589601	0	0	0	0.132273	0.162232	7.99361e-14	0	0	0	0	0	0
PA123A;	AICDA_3.pdb	2.0223	-0.0101325	-0.0113229	0.535191	-0.00361325	-0.0571603	0.917996	-0.00984061	-0.283113	0.940048	0	0	0	0.00424764	1.53929	7.86038e-14	0	0	0	0	0	0
PA123C;	AICDA_4.pdb	2.4889	-0.284133	-0.238509	0.149697	-0.0701117	0.25311	0.671893	-0.0250443	0.307321	1.6205	0	0	0	0.104172	1.81411	9.99201e-14	0	0	0	0	0	0
PA123D;	AICDA_5.pdb	1.73787	-0.784336	-2.42719	-0.0106312	-0.692057	1.62497	0.617318	-0.0098714	1.7747	1.28377	0	0	0	0.65996	2.0085	-0.298755	0	0	0	0	0	0
PA123E;	AICDA_6.pdb	2.3152	-0.00562435	-0.666904	0.0136714	-0.740586	1.31802	0.470557	0.111932	0.658886	1.18519	0	0	0	0.053241	1.99301	-0.0831865	0	0	0	0	0	0
PA123F;	AICDA_7.pdb	2.34821	-0.332173	-0.300151	-1.06371	0.124281	1.97079	-0.752987	0.263854	0.282091	1.80295	0	0	0	0.0552038	2.01817	0.298063	0	0	0	0	6.66134e-16	0
PA123G;	AICDA_8.pdb	3.07512	-0.0290984	-0.0278763	1.02959	0.011397	-0.482551	1.7001	-0.00902761	-0.529311	1.38832	0	0	0	0.0235815	1.23972	-4.85592e-08	0	0	0	0	2.22045e-16	0
PA123H;	AICDA_9.pdb	3.79976	-0.51267	-0.509753	-1.17222	-0.00913496	2.05776	-0.968921	2.24875	0.798611	1.69673	0	0	0	0.0540244	2.02174	-1.23204e-07	0	0	0	0	0.116596	0
PA123I;	AICDA_10.pdb	1.65375	-0.00588948	0	-0.435687	-0.15268	1.24715	-0.489468	-0.00243341	0.205933	1.27357	0	0	0	0.01325	2.15816	0	0	0	0	0	0	0
PA123K;	AICDA_11.pdb	2.28243	-1.04439	-1.00097	-0.858899	-0.262022	3.23609	-0.649263	0.0898592	1.12314	1.58846	0	0	0	0.00319394	2.05661	0.0572261	0	0	0	0	-3.88578e-16	0
PA123L;	AICDA_12.pdb	1.29138	0.256876	-0.260393	-0.859148	-0.0193978	1.13266	-1.36224	0.124198	0.49269	1.31976	0	0	0	0.461324	2.09649	0.0050401	0	0	0	0	-6.10623e-16	0
PA123M;	AICDA_13.pdb	1.09851	-0.029638	-0.019523	-1.01716	-0.0190731	1.1515	-1.43025	-0.0254845	1.02068	1.46093	0	0	0	0.00653537	2.00573	5.14183e-09	0	0	0	0	-7.77156e-16	0
PA123N;	AICDA_14.pdb	1.55829	-0.626494	-1.54036	-0.122925	0.120886	1.07693	0.55453	-0.0495953	0.440658	1.5848	0	0	0	0.170925	2.14035	-0.0510582	0	0	0	0	-4.996e-16	0
PA123Q;	AICDA_15.pdb	1.6489	-0.693998	-1.59506	-0.269464	0.109583	1.1216	0.150974	-0.0111536	1.47853	1.38809	0	0	0	0.00908135	2.11803	-0.0392925	0	0	0	0	-2.77556e-16	0
PA123R;	AICDA_16.pdb	1.58964	-1.58128	-1.32019	-1.01823	-0.0691789	2.68432	-0.156042	-0.0139618	1.45441	1.43604	0	0	0	0.0838261	2.0995	0.0899298	0	0	0	0	-5.55112e-17	0
PA123S;	AICDA_17.pdb	2.50802	-0.395691	-0.390597	0.484562	-0.034575	0.237679	1.29784	-0.0403687	0.203035	1.14688	0	0	0	-0.000739158	1.7315	-4.141e-10	0	0	0	0	5.55112e-17	0
PA123T;	AICDA_18.pdb	1.79345	-0.204251	-0.681735	0.122324	-0.0392635	0.608752	0.580603	-0.0263937	0.238631	1.19776	0	0	0	-0.00297108	1.83308	1.1091e-09	0	0	0	0	3.33067e-16	0
PA123V;	AICDA_19.pdb	1.79894	-0.00577787	0	-0.134593	-0.0978633	0.875436	0.00575619	-0.0189111	-0.0694978	1.24389	0	0	0	0.00049319	2.09132	0	0	0	0	0	0	0
PA123W;	AICDA_20.pdb	2.59717	0.00218622	-0.156303	-1.72229	-0.484918	2.15087	-2.18881	2.39785	0.513095	1.79025	0	0	0	0.166184	2.10436	0.129053	0	0	0	0	1.94289e-15	0
PA123Y;	AICDA_21.pdb	5.20657	0.0478247	0.0466345	-0.857913	0.0306309	1.91012	-0.679758	2.35455	0.201801	1.82683	0	0	0	0.0109679	2.28643	0.314881	0	0	0	0	1.33227e-15	0
RA119A;	AICDA_22.pdb	0.278355	0	1.42109e-14	0.14558	0.142426	-0.174234	0.207633	-3.55271e-15	0.00043539	-0.0356516	0	0	0	-0.00395614	-0.000647845	-0.00387866	0	0	0	0	0	0
RA119C;	AICDA_23.pdb	0.723467	0	0	0.0593469	0.339957	-0.0416194	0.187241	3.55271e-15	0.0622282	0.124459	0	0	0	-0.0039394	-0.000270553	-0.00420706	0	0	0	0	0	0
RA119D;	AICDA_24.pdb	0.393346	0	1.42109e-14	0.282542	0.338344	-0.168772	0.492022	-3.55271e-15	-0.267615	-0.269819	0	0	0	-0.00302716	-0.00583642	-0.0103271	0	0	0	0	0	0
RA119E;	AICDA_25.pdb	-0.0169849	-1.45339	-1.45339	-0.4695	0.680888	1.15765	-0.273493	-0.000596348	1.45013	0.374374	0	0	0	-0.0118375	0.171642	-0.0178147	0	0	0	0	1.33227e-15	0
RA119F;	AICDA_26.pdb	-0.388982	-0.00350302	0.250763	-0.605755	0.19488	0.363042	-0.9141	-0.0130199	0.136243	0.145233	0	0	0	0.0579375	-0.0191524	-0.000702475	0	0	0	0	1.33227e-15	0
RA119G;	AICDA_27.pdb	0.122056	0	0	0.375467	0.225426	-0.591027	0.495762	-3.55271e-15	-0.181144	-0.194155	0	0	0	-0.0039394	-0.00640942	-0.00433421	0	0	0	0	0	0
RA119H;	AICDA_28.pdb	0.687808	0	0	-0.31667	0.254992	0.560221	-0.260588	0.0687515	0.18124	0.17206	0	0	0	-0.0161107	0.00605689	-0.00486972	0	0	0	0	0.0487825	0
RA119I;	AICDA_29.pdb	0.478445	-0.240811	-0.240811	0.136804	0.639594	-0.0395766	0.197247	0.00897845	-0.0699673	0.115472	0	0	0	-0.0230402	0.00483206	-0.00544409	0	0	0	0	1.33227e-15	0
RA119K;	AICDA_30.pdb	0.246366	0	0	0.0632549	0.196346	0.0511157	0.125076	3.55271e-15	-0.12857	-0.0542093	0	0	0	-0.00401693	0.000327641	-0.00263089	0	0	0	0	0	0
RA119L;	AICDA_31.pdb	0.227022	-0.532818	-0.532818	-0.369366	0.381068	0.746907	-0.325087	0.0361773	0.673284	0.158898	0	0	0	-0.00094935	0.15648	-0.00827426	0	0	0	0	1.33227e-15	0
RA119M;	AICDA_32.pdb	0.441256	0	0	0.0418007	0.253065	0.0169916	0.0825084	7.10543e-15	-0.123722	0.180735	0	0	0	-0.00524673	-0.00195837	-0.00487485	0	0	0	0	0	0
RA119N;	AICDA_33.pdb	0.441383	-0.63799	-0.498029	0.00521874	0.648879	0.379741	0.23253	-0.00838277	0.436617	-0.116079	0	0	0	0.0567867	0.164807	-0.0579076	0	0	0	0	1.33227e-15	0
RA119P;	AICDA_34.pdb	1.62867	0	0	-0.0197481	0.275753	-0.14723	-0.00979761	1.51181	-0.0668056	0.0980483	0	0	0	-0.00932908	-1.35819	-0.00402402	0	0	0	0	0	0
RA119Q;	AICDA_35.pdb	-0.0229667	-0.598811	-0.598811	-0.160517	0.257073	0.341245	-0.0371547	-1.06581e-14	0.603341	0.174997	0	0	0	0.000511313	0.00553846	-0.00483971	0	0	0	0	0	0
RA119S;	AICDA_36.pdb	0.568184	0	7.10543e-15	0.27086	0.233731	-0.0128051	0.587804	-3.55271e-15	-0.345852	-0.156287	0	0	0	-0.0039394	-0.00302606	-0.00532807	0	0	0	0	0	0
RA119T;	AICDA_37.pdb	1.29072	0	0.996802	0.0529742	0.947471	-0.0950327	0.156074	0.144683	-1.10163	0.136802	0	0	0	0.0563278	0.00334577	-0.00375359	0	0	0	0	0	0
RA119V;	AICDA_38.pdb	0.76823	-0.560033	-0.560033	-0.0706215	0.381774	0.654106	0.225095	-0.000877022	0.420329	0.280765	0	0	0	0.00609876	0.158833	-0.00837234	0	0	0	0	1.33227e-15	0
RA119W;	AICDA_39.pdb	0.196615	0.425795	0.702858	-0.102918	0.120795	0.12308	-0.21497	0.0414735	-1.08504	0.200826	0	0	0	-0.0104211	0.00366121	-0.00486719	0	0	0	0	1.33227e-15	0
RA119Y;	AICDA_40.pdb	-0.167036	4.97752e-07	-1.288	-0.330486	0.394848	0.0522899	-0.534715	-0.00210051	1.42115	0.144361	0	0	0	-0.0158981	0.00438781	-0.00847869	0	0	0	0	1.33227e-15	0
YA114A;	AICDA_41.pdb	0.819367	0	0	1.2729	-0.364778	-0.627295	2.01551	-0.895248	-0.571062	-0.00843765	0	0	0	-0.00221321	-0.0551249	0	0	0	0	0	0	0
YA114C;	AICDA_42.pdb	0.532215	-0.161438	-0.44521	0.441387	-0.530756	-0.171275	1.06967	-0.348937	0.362726	-0.00372796	0	0	0	0.319776	0.0244067	0	0	0	0	0	0	0
YA114D;	AICDA_43.pdb	2.54456	-0.0191861	0.0805395	0.884218	1.10731	0.64247	1.67096	-0.311823	-0.988236	-0.358109	0	0	0	-0.108212	-0.045404	-0.0553666	0	0	0	0	1.33227e-15	0
YA114E;	AICDA_44.pdb	1.71783	0.106512	-0.675059	-0.263834	0.016645	2.53725	0.211748	-0.535333	0.249086	0.0817948	0	0	0	0.000189682	0.064536	-0.0111626	0	0	0	0	1.27676e-15	0
YA114F;	AICDA_45.pdb	-0.224715	0	-4.9738e-14	-0.103072	0.0218461	0.0035299	-0.209404	0.0196602	0.0224551	0.020528	0	0	0	-0.000258615	0.0182292	0	0	0	0	0	0	0
YA114G;	AICDA_46.pdb	3.04319	0.0155397	-0.0042159	1.93149	2.01086	-1.55558	2.8986	-0.201187	-1.61923	0.133458	0	0	0	-0.539835	-0.0395747	-0.0266999	0	0	0	0	1.16573e-15	0
YA114H;	AICDA_47.pdb	1.86228	-2.71982e-06	-0.00131398	0.0357351	1.41101	0.808494	0.451357	-0.02559	-0.948058	0.152369	0	0	0	-0.0876072	-0.0240453	-5.13293e-08	0	0	0	0	0.0658792	0
YA114I;	AICDA_48.pdb	0.362518	-0.0280713	-0.0268631	-0.217881	1.49163	0.362347	-0.511549	-0.878128	-0.737701	-0.0859916	0	0	0	0.994731	0.0802497	5.57585e-08	0	0	0	0	2.72005e-15	0
YA114K;	AICDA_49.pdb	0.94716	0.0239369	0.0290185	-0.359384	1.59333	0.876226	-0.505838	-0.53314	-0.315518	0.0100723	0	0	0	0.105489	-0.00276689	0.0229695	0	0	0	0	3.55271e-15	0
YA114L;	AICDA_50.pdb	-0.49861	-2.72356e-06	-0.0370569	-0.324523	1.61969	0.414847	-0.728592	-0.683208	-0.738356	-0.0246906	0	0	0	0.00328034	0.0159443	-5.13314e-08	0	0	0	0	3.55271e-15	0
YA114M;	AICDA_1.pdb	0.500569	-0.00559435	-0.00426636	-0.398081	1.52868	0.192649	-0.72192	-0.0626555	-0.125539	0.26566	0	0	0	-0.168368	0.00975649	-6.47704e-13	0	0	0	0	0	0
YA114N;	AICDA_2.pdb	1.37121	-0.531885	-0.542496	0.260472	1.44743	0.824973	1.01134	-0.19744	-0.818685	-0.0172369	0	0	0	-0.0652575	-0.0576666	-6.6458e-13	0	0	0	0	5.55112e-17	0
YA114P;	AICDA_3.pdb	3.47679	0.77005	0.878356	0.411025	1.50854	-0.488421	0.304126	2.30845	-1.41326	-0.570595	0	0	0	-0.231993	-0.00416894	0.000514537	0	0	0	0	5.55112e-17	0
YA114Q;	AICDA_4.pdb	1.11705	-0.499261	-0.51696	-0.162403	1.11898	1.00177	0.327491	-0.0563509	-0.0689649	0.0414232	0	0	0	-0.068677	-0.0327702	-5.66214e-13	0	0	0	0	5.55112e-17	0
YA114R;	AICDA_5.pdb	-1.32849	-1.04673	-1.84289	-1.04115	-1.21737	2.96947	-0.13134	-0.622545	1.42657	0.20458	0	0	0	-0.0673138	-0.013079	0.0402339	0	0	0	0	1.11022e-16	0
YA114S;	AICDA_6.pdb	2.03913	-0.338887	-1.37854	0.977447	1.45518	0.0552123	2.17999	0.174868	-1.09471	-0.0862587	0	0	0	0.0968121	-0.00313545	-0.00198179	0	0	0	0	1.11022e-16	0
YA114T;	AICDA_7.pdb	0.685381	-0.278712	-0.289349	0.741829	-0.33962	0.367286	1.59017	-0.821486	-0.0138028	-0.270212	0	0	0	-0.000720258	-0.0548711	0	0	0	0	0	0	0
YA114V;	AICDA_8.pdb	2.08153	-0.0522077	-0.0847338	0.174376	2.04613	-0.0172375	0.154982	-0.0590664	-0.999691	-0.149476	0	0	0	1.09705	0.00419777	-0.0285926	0	0	0	0	1.11022e-16	0
YA114W;	AICDA_9.pdb	-0.367521	0.0406527	-0.202529	-0.68309	0.0716744	0.826044	-1.1102	0.319674	0.141311	0.0873284	0	0	0	0.13353	0.0472168	0.00808509	0	0	0	0	1.11022e-16	0
