LA424E;	by the FoldX Consortium 
LA424F;	Jesper Borg, Frederic Rousseau, Joost Schymkowitz,
LA424G;	Luis Serrano and Francois Stricher
LA424H;	------------------------------------------------------
LA424I;	
LA424K;	PDB file analysed: batch
LA424M;	Output type: BuildModel
LA424N;	Pdb	total energy	Backbone Hbond	Sidechain Hbond	Van der Waals	Electrostatics	Solvation Polar	Solvation Hydrophobic	Van der Waals clashes	entropy sidechain	entropy mainchain	sloop_entropy	mloop_entropy	cis_bond	torsional clash	backbone clash	helix dipole	water bridge	disulfide	electrostatic kon	partial covalent bonds	energy Ionisation	Entropy Complex
LA424P;	RUBISCO_1.pdb	1.68793	-0.75817	-0.773817	0.404857	-0.199769	1.026	1.35125	-0.0302174	0.810985	-0.0904859	0	0	0	-0.0669335	-0.236205	0.0142314	0	0	0	0	0	0
LA424Q;	RUBISCO_2.pdb	1.52736	0.447662	0.455302	1.53777	-0.438757	-1.04587	2.64947	-0.110203	-1.60296	-0.225619	0	0	0	-0.185518	0.117064	0.0460781	0	0	0	0	0	0
LA424R;	RUBISCO_3.pdb	3.05042	0.0390076	-1.23862e-10	1.98102	-0.000544507	-1.36424	3.52681	-0.12139	-0.676159	-0.207161	0	0	0	-0.126916	-0.760051	-8.94821e-10	0	0	0	0	0	0
LA424S;	RUBISCO_4.pdb	2.59206	-0.0296054	-1.42433	0.618564	0.0207248	0.615832	1.89932	-0.0708648	0.657502	0.20674	0	0	0	0.0508322	0.722686	-0.00144248	0	0	0	0	0.0487825	0
LA424T;	RUBISCO_5.pdb	0.506325	-0.0287146	-1.24373e-10	0.160107	-0.00775503	-0.0151273	0.427622	0.0284403	-0.0285749	0.03232	0	0	0	-0.0612908	0.444132	-0.000701574	0	0	0	0	8.88178e-16	0
LA424V;	RUBISCO_6.pdb	1.50858	-0.00187508	-0.809048	0.526653	-0.409649	0.297323	1.18389	-0.0114172	0.938468	-0.184971	0	0	0	-0.00283207	0.0447193	-0.0179578	0	0	0	0	0	0
LA424W;	RUBISCO_7.pdb	1.05493	0.0148112	-1.15705e-10	-0.0331001	-0.000545198	-0.0814151	0.341086	-0.0294819	0.538553	0.288432	0	0	0	0.0165874	0.333664	3.66518e-08	0	0	0	0	8.88178e-16	0
LA424Y;	RUBISCO_8.pdb	3.16855	-0.340239	-0.351006	0.568318	0	0.57847	1.94241	-0.0607048	0.00479256	0.720197	0	0	0	0.106321	-0.102881	0	0	0	0	0	0	0
LA433A;	RUBISCO_9.pdb	0.864491	0.00511065	0	1.05729	0	-1.37043	1.77644	1.78531	-0.403727	-1.88669	0	0	0	-0.0988116	-1.55554	0	0	0	0	0	0	0
LA433C;	RUBISCO_10.pdb	1.85955	-0.498833	-0.509243	0.289377	0	0.515268	1.32986	-0.0282479	0.603985	0.162344	0	0	0	-0.00496382	-0.195654	0	0	0	0	0	0	0
LA433D;	RUBISCO_11.pdb	0.384515	0.0314523	-3.18632	1.16953	-0.870736	-0.270464	2.38915	-0.230751	1.59459	-0.216635	0	0	0	0.00628299	-0.0442862	-0.0258074	0	0	0	0	-0.00577398	0
LA433E;	RUBISCO_12.pdb	2.97528	0.00506962	-1.60025	1.58296	0.0751574	-0.633462	3.18966	0.249162	0.243119	-0.235992	0	0	0	0.0988054	-0.314605	0.00103948	0	0	0	0	8.88178e-16	0
LA433F;	RUBISCO_13.pdb	1.62394	0.0106416	-1.53557	1.05797	0.0679861	-0.116549	2.26954	-0.0889556	0.275429	-0.147213	0	0	0	-0.167234	0.0329798	-0.00210701	0	0	0	0	8.88178e-16	0
LA433G;	RUBISCO_14.pdb	1.31251	0.000469423	-1.08997e-10	0.756532	-0.015603	-0.372088	1.47085	0.0113313	-0.434771	-0.10624	0	0	0	-0.00522714	-0.0932453	0.0072495	0	0	0	0	8.88178e-16	0
LA433H;	RUBISCO_15.pdb	1.38295	-0.0132579	-1.09083e-10	0.814851	-0.0645346	-0.436607	1.80319	-0.238775	-0.712823	0.0529278	0	0	0	0.129397	0.997067	0.0504796	0	0	0	0	-0.00189469	0
LA433I;	RUBISCO_16.pdb	3.09772	-0.0182111	-1.09111e-10	0.606162	-0.363313	0.375928	1.60895	0.951637	-0.269904	-0.0647835	0	0	0	0.268041	0.62397	0.00321021	0	0	0	0	0	0
LA433K;	RUBISCO_17.pdb	3.04087	0.149472	0.0101705	1.63135	-0.00198609	-0.846974	3.34575	-0.260427	-1.11032	0.181392	0	0	0	-0.0563672	-0.423294	-0.00201967	0	0	0	0	0.000827152	0
LA433M;	RUBISCO_18.pdb	3.08942	0.0887881	0.00861101	0.991142	0	-0.613045	2.5223	-0.137339	-0.130346	0.386559	0	0	0	-0.0272507	-0.354185	0	0	0	0	0	0	0
LA433N;	RUBISCO_19.pdb	4.57993	0.056614	0.0020216	0.829094	-0.408984	2.4046	2.65872	-0.117449	-0.85404	0.0532	0	0	0	-0.0232859	-0.269409	-0.0205659	0	0	0	0	0	0
LA433P;	RUBISCO_20.pdb	4.63957	0.020832	-0.259029	0.279909	-0.0350391	2.60459	1.6792	-0.0739596	0.472169	-0.0304	0	0	0	0.000819367	-0.180217	-0.0126917	0	0	0	0	-0.00682963	0
LA433Q;	RUBISCO_21.pdb	1.5326	-0.0168638	0.0010805	-0.448301	0.233318	0.155827	-0.334746	1.41353	-0.256079	0.615644	0	0	0	0.160097	-0.0320322	0.0090958	0	0	0	0	-1.45123e-09	0
LA433R;	RUBISCO_22.pdb	4.32234	0.146288	0.0145077	2.17352	0.00564403	-1.29342	4.27447	-0.320733	-1.2016	0.561576	0	0	0	-0.0379086	-0.601574	0	0	0	0	0	0	0
LA433S;	RUBISCO_23.pdb	3.39884	0.015356	0.00238078	-0.171245	-7.10543e-15	1.89656	1.07812	0.0823141	-0.142001	0.4788	0	0	0	0.00309093	-0.108639	0	0	0	0	0	0.155462	0
LA433V;	RUBISCO_24.pdb	5.40007	0.0274745	0	-0.0234779	-0.000830117	0.197474	0.0820776	4.69691	0.0275864	0.363621	0	0	0	0.0292351	0.118408	0	0	0	0	0	0	0
LA433W;	RUBISCO_25.pdb	4.35701	-0.805748	-0.807662	-0.218503	-0.0796924	3.20823	0.697275	1.06363	1.19341	-0.470129	0	0	0	0.568791	0.130953	-0.0218991	0	0	0	0	0.0293056	0
LA433Y;	RUBISCO_26.pdb	0.992934	-0.0350706	0.00517247	-0.426469	0	0.184202	-0.279331	0.319528	0.916906	0.3192	0	0	0	-0.0112036	0.11333	0	0	0	0	0	0	0
LA455A;	RUBISCO_27.pdb	3.62692	-0.372223	-0.413569	0.666905	0	1.09991	2.6269	-0.106565	-0.326994	0.4712	0	0	0	-0.0186422	-0.203201	0	0	0	0	0	0	0
LA455C;	RUBISCO_28.pdb	7.03287	0.40147	0.966148	1.20366	-0.00804035	-1.19056	2.16688	4.09126	-0.949311	0.280938	0	0	0	0.070701	-1.69162	-0.00195521	0	0	0	0	0.00167517	0
LA455D;	RUBISCO_29.pdb	3.12438	-0.427311	-0.444056	0.080002	-4.4765e-07	1.48515	1.53259	-0.0132483	0.70917	0.2128	0	0	0	-0.0107137	-0.130831	-3.75907e-08	0	0	0	0	-5.73757e-10	0
LA455E;	RUBISCO_30.pdb	8.25774	-0.834691	-0.842283	-0.848337	0.0162005	3.22804	0.991157	5.45901	0.765462	0.238095	0	0	0	0.086937	0.0183508	-0.00185155	0	0	0	0	3.10862e-15	0
LA455F;	RUBISCO_31.pdb	4.55554	0.122507	-0.116295	1.4364	-0.0113208	0.014059	3.81356	-0.204417	-0.568614	0.139688	0	0	0	-0.0687842	-0.381438	-0.00170987	0	0	0	0	0.00045506	0
LA455G;	RUBISCO_32.pdb	3.77791	0.0711992	1.87583e-12	0.545291	-0.0182774	-0.297325	1.17168	2.67027	-0.533908	0.188969	0	0	0	-0.019984	-0.209125	0	0	0	0	0	0	0
LA455H;	RUBISCO_33.pdb	14.0135	-0.0362916	0.00715216	-1.30888	0.404167	2.26061	-1.21762	14.1589	0.0436391	0.75438	0	0	0	-1.03054	0.52231	-0.0153348	0	0	0	0	-0.00665596	0
LA455I;	RUBISCO_34.pdb	7.96476	-0.0141842	3.52998e-11	-0.663594	0.237426	1.06947	-0.178277	6.9741	-0.115326	0.6156	0	0	0	0.0146368	-0.011402	0.0249134	0	0	0	0	4.44089e-16	0
LA455K;	RUBISCO_35.pdb	2.4375	0.0389055	0	1.83094	0.0162549	-1.47454	3.21958	0.17521	-1.21354	-0.0615882	0	0	0	-0.0937134	-0.864253	0	0	0	0	0	0	0
LA455M;	RUBISCO_36.pdb	1.31094	0.0521006	0	1.19552	0.000316538	-1.07678	2.47203	-0.219762	-0.470137	-0.59026	0	0	0	-0.0520921	-0.665869	0	0	0	0	0	0	0
LA455N;	RUBISCO_37.pdb	2.79221	-0.602346	-0.67403	0.896962	-0.345655	1.30773	2.26327	-0.0896476	-0.504294	0.231228	0	0	0	0.246878	-0.557463	0.062107	0	0	0	0	-6.50033e-09	0
LA455P;	RUBISCO_38.pdb	3.35111	-0.844666	-0.879	0.477733	-0.273528	1.76117	1.75091	0.964059	0.450907	-0.0919816	0	0	0	-0.0421022	-0.2921	0.0776122	0	0	0	0	0	0
LA455Q;	RUBISCO_39.pdb	5.73706	-0.031983	6.53759e-07	-0.442975	-0.068303	0.215361	-0.173694	5.89839	-0.0792196	-0.015303	0	0	0	0.482496	0.519095	-0.0477114	0	0	0	0	-6.50033e-09	0
LA455R;	RUBISCO_40.pdb	2.45865	0.0377452	0	2.39661	0.0110946	-1.90453	4.18014	-0.816179	-1.21806	-0.157324	0	0	0	-0.0708452	-1.26647	0	0	0	0	0	0	0
LA455S;	RUBISCO_41.pdb	4.89792	-0.0350906	-2.09192e-07	-0.267651	0.025801	1.90723	0.784868	1.72279	0.00131882	0.153407	0	0	0	0.458372	0.270661	0.00162393	0	0	0	0	0.145255	0
LA455T;	RUBISCO_42.pdb	0.834173	-0.207827	-0.113499	-0.112823	-0.0467548	0.183975	-0.042404	0.447763	0.0872898	0.0349327	0	0	0	0.620505	0.226486	-0.0169842	0	0	0	0	6.36302e-09	0
	RUBISCO_43.pdb	3.69954	0.200446	0.115619	-0.1046	-0.067485	1.91674	0.476814	1.03794	0.185962	-0.0584371	0	0	0	-0.00766077	0.131707	0.00419966	0	0	0	0	-6.36302e-09	0
	RUBISCO_44.pdb	2.00055	-0.0336425	1.19814e-07	-0.225862	0.0117863	0.0207518	0.0617218	1.1752	0.798911	0.11083	0	0	0	0.0816122	0.407634	-0.000755775	0	0	0	0	-6.36302e-09	0
	RUBISCO_45.pdb	1.12847	-1.01676	-1.03631	0.836047	-1.44381e-06	0.101871	2.44392	-0.208281	-0.396778	0.458623	0	0	0	-0.0538552	-0.435158	-7.34497e-08	0	0	0	0	6.36302e-09	0
	RUBISCO_46.pdb	7.5355	0.552213	-0.160655	1.03516	-0.0722423	-0.530069	2.0371	3.90497	-0.368661	1.18004	0	0	0	-0.0240468	-0.911988	-0.0183131	0	0	0	0	-6.36302e-09	0
	RUBISCO_47.pdb	3.48565	-0.0173173	8.71277e-08	-0.00933963	0.0313683	1.26383	1.2598	0.268187	0.453834	0.13456	0	0	0	0.100734	0.227141	7.70981e-08	0	0	0	0	-6.36302e-09	0
	RUBISCO_48.pdb	3.58223	-0.657245	-0.608255	-0.760674	-0.298962	2.36034	0.635398	1.22351	1.58234	0.06134	0	0	0	0.11593	0.276368	-0.071483	0	0	0	0	0	0
	RUBISCO_49.pdb	2.36924	-0.434098	-0.471843	1.71169	0	-0.908835	3.52531	-0.251221	-0.675874	-0.0500431	0	0	0	-0.0758521	-0.789007	0	0	0	0	0	0	0
	RUBISCO_50.pdb	1.34205	-0.499128	-0.551545	1.11016	-1.44215e-06	-0.346807	2.35266	-0.586278	-0.598135	-0.391042	0	0	0	0.852175	-0.57917	-7.54849e-08	0	0	0	0	6.36302e-09	0
