TA398N;	by the FoldX Consortium 
TA398Q;	Jesper Borg, Frederic Rousseau, Joost Schymkowitz,
TA398C;	Luis Serrano and Francois Stricher
TA398G;	------------------------------------------------------
TA398P;	
TA398R;	PDB file analysed: batch
TA398H;	Output type: BuildModel
TA398K;	Pdb	total energy	Backbone Hbond	Sidechain Hbond	Van der Waals	Electrostatics	Solvation Polar	Solvation Hydrophobic	Van der Waals clashes	entropy sidechain	entropy mainchain	sloop_entropy	mloop_entropy	cis_bond	torsional clash	backbone clash	helix dipole	water bridge	disulfide	electrostatic kon	partial covalent bonds	energy Ionisation	Entropy Complex
TA398D;	PTEN_1.pdb	-0.57644	-0.286462	-0.286462	-0.0269873	0	-0.0669854	-0.0349925	0	0.288816	-0.173935	0	0	0	0.0105683	0	0	0	0	0	0	0	0
TA398E;	PTEN_2.pdb	0.0396877	-0.568062	-0.568062	-0.250146	0	0.402561	-0.252173	0	0.644788	0.66598	0	0	0	-0.035199	0	0	0	0	0	0	0	0
QA399A;	PTEN_3.pdb	0.135337	0	0	-0.102118	0	0.0164643	-0.145536	0	0.140056	0.276543	0	0	0	-0.0500726	0	0	0	0	0	0	0	0
QA399V;	PTEN_4.pdb	-0.15174	0	0	0.121421	0	-0.364889	0.097386	0	0	0.00086306	0	0	0	-0.00652111	0	0	0	0	0	0	0	0
QA399I;	PTEN_5.pdb	0.212072	0	0	-0.0289683	0	0.0422202	-0.0194249	0.676683	0.0129574	-0.556607	0	0	0	0.0852122	0	0	0	0	0	0	0	0
QA399L;	PTEN_6.pdb	-0.450389	-0.555204	-0.555204	-0.274162	-0.130456	0.302343	-0.362698	7.10543e-15	0.7593	0.325681	0	0	0	0.0400122	0	0	0	0	0	0	0	0
QA399M;	PTEN_7.pdb	0.0518777	-0.177404	-0.177404	-0.07273	-0.0690864	0.156463	-0.106308	-0.0513434	0.216993	0.111641	0	0	0	-0.0321243	0	0	0	0	0	0	0.253182	0
QA399F;	PTEN_8.pdb	-0.611249	-0.7416	-0.7416	-0.150979	-0.0927877	0.34859	-0.191838	-4.01758e-07	0.823439	0.16788	0	0	0	-0.0323519	0	0	0	0	0	0	-4.44089e-16	0
QA399Y;	PTEN_9.pdb	-0.293642	0	0	-0.0252125	-0.15803	0.0244731	-0.0372454	7.10543e-15	8.52651e-14	-0.270396	0	0	0	-0.0316312	0	0	0	0	0	0	0.2044	0
QA399W;	PTEN_10.pdb	-0.222466	0	0	-0.0813373	0.0451836	-0.0032569	-0.169843	7.10543e-15	0.0492803	-0.0200287	0	0	0	-0.0424641	0	0	0	0	0	0	0	0
QA399S;	PTEN_11.pdb	0.491681	0.612553	0.612553	0.266095	0	-0.542488	0.211444	-0.00849455	-0.652143	-0.00730849	0	0	0	-0.000529101	0	0	0	0	0	0	0	0
QA399T;	PTEN_12.pdb	0.42254	0.510931	0.510931	0.0800229	0	-0.270434	0.0862548	-0.00911713	-0.535105	0.0490554	0	0	0	0	0	0	0	0	0	0	0	0
QA399N;	PTEN_13.pdb	0.688582	0.505913	0.505913	-0.0582392	0	0.0732606	-0.105528	0	-0.488918	0.291857	0	0	0	-0.0356762	0	0	0	0	0	0	0	0
QA399Q;	PTEN_14.pdb	0.221215	0.612553	0.612553	0.01014	0	-0.159721	-0.0979003	-0.00849457	-0.639122	-0.108265	0	0	0	-0.000529101	0	0	0	0	0	0	0	0
QA399C;	PTEN_15.pdb	0.301222	0.404822	0.404822	0.148174	4.9738e-14	-0.323204	0.0928863	-7.10543e-15	-0.404822	-0.0202864	0	0	0	-0.00116939	0	0	0	0	0	0	-4.44089e-16	0
QA399G;	PTEN_16.pdb	0.340793	0.541021	0.541021	0.0562031	0	-0.17005	-0.0661668	-7.10543e-15	-0.546398	-0.0158799	0	0	0	0.00104137	0	0	0	0	0	0	0	0
QA399P;	PTEN_17.pdb	0.196598	0.517457	0.517457	0.0234813	4.9738e-14	-0.237871	-0.081948	2.84217e-14	-0.539016	-0.00296415	0	0	0	-1.06581e-14	0	0	0	0	0	0	-4.44089e-16	0
QA399R;	PTEN_18.pdb	0.276036	0.525342	0.525342	-0.142335	0	-0.030491	-0.3398	0	-0.488375	0.110587	0	0	0	0.115766	0	0	0	0	0	0	0	0
QA399H;	PTEN_19.pdb	0.393139	0.541021	0.541021	0.196213	4.61853e-14	-0.333107	0.2034	5.68434e-14	-0.566095	-0.189313	0	0	0	-7.10543e-15	0	0	0	0	0	0	-4.44089e-16	0
QA399K;	PTEN_20.pdb	0.329029	0.549818	0.549818	0.150118	0	-0.449634	0.12013	0	-0.580695	-0.0105269	0	0	0	0	0	0	0	0	0	0	0	0
QA399D;	PTEN_21.pdb	0.0838913	0.518998	0.518998	0.154262	0	-0.309585	0.116576	0	-0.528395	-0.404005	0	0	0	0.017042	0	0	0	0	0	0	0	0
QA399E;	PTEN_22.pdb	-0.0364036	0.00371096	0.00371096	0.0178004	0	-0.0469868	0.00590116	7.10543e-15	-0.0165807	-0.00395961	0	0	0	0	0	0	0	0	0	0	0	0
IA400A;	PTEN_23.pdb	0.223599	0.385113	0.385113	0.268697	4.9738e-14	-0.404483	0.224728	1.20792e-13	-0.472403	-0.156175	0	0	0	-0.00699036	0	0	0	0	0	0	-4.44089e-16	0
IA400V;	PTEN_24.pdb	0.322242	0.625972	0.625972	0.346781	4.9738e-14	-0.725385	0.274344	1.27898e-13	-0.668638	-0.137909	0	0	0	-0.0188955	0	0	0	0	0	0	-4.44089e-16	0
IA400I;	PTEN_25.pdb	0.205117	0.612592	0.612592	0.140246	-4.9738e-14	-0.343175	0.0956844	0.0271512	-0.648922	-0.391535	0	0	0	0.100484	0	0	0	0	0	0	4.44089e-16	0
IA400L;	PTEN_26.pdb	0.0706551	0.0926038	0.0926038	-0.0145254	-0.0793459	-0.17021	-0.0311317	-7.10543e-15	-0.0169766	0.11824	0	0	0	0.079397	0	0	0	0	0	0	0	0
IA400M;	PTEN_27.pdb	0.351742	0.533655	0.533655	0.184733	-3.55271e-15	-0.442602	0.111019	-1.42109e-14	-0.563142	-0.054358	0	0	0	0	0	0	0	0	0	0	0.0487825	0
IA400F;	PTEN_28.pdb	-0.00826474	-0.165819	-0.165819	-0.131801	-0.0505845	0.275571	-0.117769	0.0121498	0.232534	0.102354	0	0	0	0.0009179	0	0	0	0	0	0	-4.44089e-16	0
IA400Y;	PTEN_29.pdb	0.0259417	0.612591	0.612591	0.201244	-0.0434412	-0.398202	0.168314	-1.42109e-14	-0.650616	-0.476277	0	0	0	-0.000263262	0	0	0	0	0	0	0	0
IA400W;	PTEN_30.pdb	0.0525304	-0.11001	-0.11001	0.0871357	-0.19781	0.00721909	0.0588124	-0.0334005	0.124651	0.0616896	0	0	0	-0.0401466	0	0	0	0	0	0	0.2044	0
IA400S;	PTEN_31.pdb	0.20011	0	0	0.283044	0	-0.414063	0.345757	0	-0.0331971	0.0185691	0	0	0	0	0	0	0	0	0	0	0	0
IA400T;	PTEN_32.pdb	0.0571961	0	0	0.111104	0	-0.130534	0.162734	0	-0.0265897	-0.0595184	0	0	0	0	0	0	0	0	0	0	0	0
IA400N;	PTEN_33.pdb	-0.00528765	0	-2.84217e-14	0.0269058	3.55271e-14	-0.0374677	0.035893	1.13687e-13	-0.00665109	-0.0239677	0	0	0	-3.55271e-15	0	0	0	0	0	0	-4.44089e-16	0
IA400Q;	PTEN_34.pdb	-0.258498	0	2.84217e-14	0.0660158	-0.00513126	-0.227508	-0.0171347	1.50916e-05	-0.0340898	-0.0413756	0	0	0	0.000710551	0	0	0	0	0	0	4.44089e-16	0
IA400C;	PTEN_35.pdb	0.215516	0	2.84217e-14	-0.371928	0.00148445	0.111359	-0.52211	0.00181146	0.415874	0.57724	0	0	0	0.00178498	0	0	0	0	0	0	4.44089e-16	0
IA400G;	PTEN_36.pdb	-0.357682	0	2.84217e-14	-0.102911	0.0108421	-0.139923	-0.251151	0.0278337	0.058439	0.0391886	0	0	0	0	0	0	0	0	0	0	4.44089e-16	0
IA400P;	PTEN_37.pdb	-0.2795	0	2.84217e-14	-0.0366949	-0.00845672	-0.132465	-0.114453	1.83538e-05	-0.0387639	0.0434245	0	0	0	0.0078898	0	0	0	0	0	0	4.44089e-16	0
IA400R;	PTEN_38.pdb	0.164517	0	-2.84217e-14	0.102345	4.9738e-14	-0.192424	0.112631	0.000727247	-0.0267824	0.160249	0	0	0	0.00777111	0	0	0	0	0	0	-4.44089e-16	0
IA400H;	PTEN_39.pdb	0.34982	0	0	0.194101	0	-0.202638	0.293962	0	-0.026965	0.0913586	0	0	0	0	0	0	0	0	0	0	0	0
IA400K;	PTEN_40.pdb	-0.0693139	0	0	0.173075	0	-0.273565	0.201111	0	-0.0268064	-0.143128	0	0	0	0	0	0	0	0	0	0	0	0
IA400D;	PTEN_41.pdb	-0.159463	-0.26312	-0.26312	0.184768	0	-0.233108	0.253358	0	0.229123	-0.087907	0	0	0	0.0205434	0	0	0	0	0	0	0	0
IA400E;	PTEN_42.pdb	-0.180149	-0.468832	-0.468832	0.221691	-0.0185239	-0.312561	0.296999	0	0.419343	0.146477	0	0	0	0.00409039	0	0	0	0	0	0	4.44089e-16	0
	PTEN_43.pdb	0.00338327	0	0	0.153533	0	-0.291046	0.180205	0	-0.0159902	-0.0238185	0	0	0	0.000500789	0	0	0	0	0	0	0	0
	PTEN_44.pdb	0.132294	0	0	0.350579	0	-0.583253	0.394373	0	-0.033831	0.00442577	0	0	0	0	0	0	0	0	0	0	0	0
	PTEN_45.pdb	0.54114	0	0	0.170152	0	-0.249572	0.227186	0.161169	-0.0338323	-0.116711	0	0	0	0.382749	0	0	0	0	0	0	0	0
	PTEN_46.pdb	-0.397092	-0.585431	-0.585431	-0.180007	-0.0257815	0.247028	-0.146957	4.26326e-14	0.635672	0.177016	0	0	0	0.0668005	0	0	0	0	0	0	4.44089e-16	0
	PTEN_47.pdb	-0.0880686	-0.675965	-0.675965	0.0167255	-0.0245666	0.103204	0.0747816	-4.26326e-14	0.725595	0.114939	0	0	0	-3.55271e-15	0	0	0	0	0	0	0.253182	0
	PTEN_48.pdb	-0.510133	-0.779956	-0.779956	-0.215239	-0.00585031	0.426789	-0.233053	4.26326e-14	0.908922	0.149406	0	0	0	0.0188053	0	0	0	0	0	0	4.44089e-16	0
	PTEN_49.pdb	-0.205922	0	0	0.144102	-0.0458457	-0.206963	0.175916	0	-0.0189093	-0.254222	0	0	0	0	0	0	0	0	0	0	0	0
	PTEN_50.pdb	-0.174856	0	0	0.134237	-0.112769	-0.296732	0.114299	0	0.00815389	-0.0259572	0	0	0	0.0039113	0	0	0	0	0	0	0	0
