SA206Q;	by the FoldX Consortium 
SA206R;	Jesper Borg, Frederic Rousseau, Joost Schymkowitz,
SA206T;	Luis Serrano and Francois Stricher
SA206V;	------------------------------------------------------
SA206W;	
SA206Y;	PDB file analysed: batch
SA207A;	Output type: BuildModel
SA207C;	Pdb	total energy	Backbone Hbond	Sidechain Hbond	Van der Waals	Electrostatics	Solvation Polar	Solvation Hydrophobic	Van der Waals clashes	entropy sidechain	entropy mainchain	sloop_entropy	mloop_entropy	cis_bond	torsional clash	backbone clash	helix dipole	water bridge	disulfide	electrostatic kon	partial covalent bonds	energy Ionisation	Entropy Complex
SA207D;	RNC_1.pdb	-0.0755386	0	7.10543e-15	-0.168895	0	0.0824743	-0.303059	7.10543e-15	0.0531862	0.259469	0	0	0	0.00128553	0.017371	0	0	0	0	0	0	0
SA207E;	RNC_2.pdb	-0.375922	-0.00647039	8.69282e-06	-0.0756724	-0.870781	0.221515	-0.170423	-1.10312e-12	0.0544027	0.398811	0	0	0	0.0671419	-0.0529738	0.00554584	0	0	0	0	0	0
SA207F;	RNC_3.pdb	0.436887	-0.0125821	-0.00413666	-0.0259145	0	0.032778	-0.07489	-0.0123838	-0.0060747	0.540139	0	0	0	-4.803e-05	-0.00745267	0	0	0	0	0	0	0
SA207G;	RNC_4.pdb	0.39688	-0.0313639	0	-0.137458	0	0.176297	-0.189028	0	0.00159277	0.576202	0	0	0	0.000638156	0.0277894	0	0	0	0	0	0	0
SA207H;	RNC_5.pdb	-0.755217	-0.0150899	0	-0.803233	-0.589112	0.819172	-1.28193	0.0196607	0.294194	0.800899	0	0	0	0.000218428	0.181923	0	0	0	0	0	0	0
SA207I;	RNC_6.pdb	-0.26642	-0.0416445	0	-0.578444	0.0500446	0.399852	-0.955765	0.0021591	0.356392	0.486444	0	0	0	0.0145424	0.115313	0	0	0	0	0	0	0
SA207K;	RNC_7.pdb	1.73433	0.944399	0.900613	0.218689	-1.4424e-12	0.0783497	-0.10993	0.0067828	-0.574033	0.298676	0	0	0	-0.029217	-0.168733	0	0	0	0	0	0	0
SA207L;	RNC_8.pdb	1.82608	0.808596	0.7648	-0.0441923	0	0.517665	-0.415161	0	-0.122461	0.344282	0	0	0	-0.0274484	0.112358	-8.83738e-14	0	0	0	0	0	0
SA207M;	RNC_9.pdb	-0.255772	0.0949748	0.0254981	-0.0977852	-0.132142	0.19895	-0.448921	0	0.117887	0.555205	0	0	0	-0.0354729	0.170305	-0.533966	0	0	0	0	0	0
SA207N;	RNC_10.pdb	1.14594	0.122066	0.07826	-0.308848	-0.283325	1.09158	-0.781734	0.0506575	1.0083	0.431753	0	0	0	-0.0243293	0.239554	-0.238437	0	0	0	0	0	0
SA207P;	RNC_11.pdb	1.30678	0.941942	0.904443	-0.517727	0.0910723	1.03191	-1.25079	0.0689898	-0.209472	0.293886	0	0	0	-0.0358257	0.484941	-0.0116489	0	0	0	0	0	0
SA207Q;	RNC_12.pdb	1.79137	0.948713	0.874444	0.521311	0.192011	-1.03456	0.26154	-0.0110464	-0.502005	0.551827	0	0	0	-0.0310792	-0.425369	0.0202159	0	0	0	0	0	0
SA207R;	RNC_13.pdb	1.10603	0.308533	0.271033	-0.486512	0.0363301	1.1028	-0.890901	0.0173858	0.447908	0.283203	0	0	0	-0.0326705	0.494732	0.000135933	0	0	0	0	0.0487825	0
SA207T;	RNC_14.pdb	2.60796	1.00881	0.884212	-0.557688	0.0788708	1.02907	-1.48664	1.16513	-0.042232	0.403292	0	0	0	0.130524	0.508137	-0.00538397	0	0	0	0	6.21725e-15	0
SA207V;	RNC_15.pdb	1.76376	0.942138	0.904638	-0.199962	0.0394126	0.675648	-0.764144	0.0193005	-0.248532	0.395195	0	0	0	-0.0359778	0.18025	0.0360445	0	0	0	0	0	0
SA207W;	RNC_16.pdb	1.4454	0.942294	0.904794	-0.51935	3.67706e-13	0.90236	-1.37055	0.0995687	0.00236233	0.517882	0	0	0	-0.0339623	0.503388	0	0	0	0	0	0	0
SA207Y;	RNC_17.pdb	1.70842	0.971054	0.902319	-0.740746	9.72291e-08	1.12818	-1.60081	0.156461	0.345185	0.57715	0	0	0	-0.0303756	0.456692	1.36523e-07	0	0	0	0	-6.21725e-15	0
SA31A;	RNC_18.pdb	-0.111554	0.00647104	-1.75153	-0.301304	0.120354	0.456289	-0.540726	0.000783448	1.26295	0.636306	0	0	0	-0.0263363	0.29937	0.0251901	0	0	0	0	6.21725e-15	0
SA31C;	RNC_19.pdb	5.00703	1.03071	2.5939	0.0383185	0.0926232	-0.761741	-1.08755	3.11421	-1.6333	1.51511	0	0	0	0.08323	-0.755675	0.0215155	0	0	0	0	6.21725e-15	0
SA31D;	RNC_20.pdb	1.11752	0.342528	0.298788	-0.331762	0	0.901666	-0.780952	0.0209381	0.413913	0.287259	0	0	0	-0.0348626	0.265462	0	0	0	0	0	0	0
SA31E;	RNC_21.pdb	1.65916	0.943257	0.899463	-0.232651	0.110083	0.723366	-0.698138	0.0101034	-0.393653	0.175925	0	0	0	0.0401707	0.19498	0.0812302	0	0	0	0	-6.21725e-15	0
SA31F;	RNC_22.pdb	0.170228	-0.0391826	-0.258981	-0.313382	-0.010912	0.4989	-0.777923	0.0585589	0.286129	0.380114	0	0	0	0.353369	0.308865	-0.00646318	0	0	0	0	6.21725e-15	0
SA31G;	RNC_23.pdb	2.11979	0.948236	0.904498	-0.416462	-1.05516e-12	0.984922	-0.998073	0.301159	-0.302976	0.331793	0	0	0	0.366692	0.377568	0	0	0	0	0	0	0
SA31H;	RNC_24.pdb	1.35133	1.01071	0.905065	-0.602063	0.189499	1.14519	-1.34134	0.0105947	-0.201415	0.270253	0	0	0	-0.0351627	0.349177	0	0	0	0	0	0	0
SA31I;	RNC_25.pdb	1.43516	1.01847	0.903825	-0.445025	0.131036	0.863687	-1.13236	0.024587	-0.192877	0.297175	0	0	0	-0.0333639	0.337468	0	0	0	0	0	0	0
SA31K;	RNC_26.pdb	-0.327853	0.349853	1.08306	0.393468	0.0190432	-1.12236	-0.132391	-0.0143187	-0.524819	-0.377658	0	0	0	-3.55059e-05	-0.204541	0	0	0	0	0	-0.00169955	0
SA31L;	RNC_27.pdb	0.724141	0	1.22614	-0.184709	-0.0289521	-0.238962	-0.57137	-1.77636e-15	0.00840258	0.510761	0	0	0	8.26024e-05	0.00121709	0	0	0	0	0	0.00274859	0
SA31M;	RNC_28.pdb	-0.0662733	-1.2594	0.846954	-0.352433	0.617422	0.987603	-0.681059	0.0309896	0.0576614	-0.0168141	0	0	0	0.00543769	0.20131	-0.300942	0	0	0	0	-0.00169093	0
SA31N;	RNC_29.pdb	0.714773	0.320798	1.11362	-0.306919	0.0903405	0.206234	-0.928806	0.00530877	0.402913	-0.245185	0	0	0	0.00874644	0.202898	0.0440786	0	0	0	0	0.00364624	0
SA31P;	RNC_30.pdb	-0.828653	0.351695	0.996789	-0.502533	-0.358111	-0.273373	-1.34593	0.124068	-0.125801	0.247233	0	0	0	4.54856e-05	0.163741	0.0430518	0	0	0	0	0.0142155	0
SA31Q;	RNC_31.pdb	0.66724	0.35423	-0.216326	1.01981	-0.176075	-1.4222	0.924436	0.0156436	0.0628769	0.0524999	0	0	0	0.0827445	-0.490547	-0.0116818	0	0	0	0	-0.0187223	0
SA31R;	RNC_32.pdb	0.311785	0.338566	-1.38298	-1.0786	-0.635435	2.1762	-1.34175	0.288739	1.65688	0.228565	0	0	0	0.0837048	0.414799	-0.0852662	0	0	0	0	0.0631688	0
SA31T;	RNC_33.pdb	0.501216	-0.0125206	1.01709	-0.6668	-0.0314423	-0.170914	-1.73541	0.0896378	0.114183	1.13253	0	0	0	0.748123	0.365893	-3.05591e-07	0	0	0	0	0.0167396	0
SA31V;	RNC_34.pdb	-0.885952	0.346665	0.499291	-0.288369	-0.643574	0.0392803	-0.92682	0.0255139	0.189322	-0.158915	0	0	0	0.00300372	0.153464	0.0135981	0	0	0	0	0.0150514	0
SA31W;	RNC_35.pdb	-0.627312	0.348486	1.0761	-0.521376	-0.0703781	0.0299405	-1.50052	-0.00339506	0.0565032	-0.0530721	0	0	0	0.000896466	0.293865	0	0	0	0	0	0.0095044	0
SA31Y;	RNC_36.pdb	-0.177364	0.340134	1.0374	-0.652253	-0.104834	0.0618024	-1.61717	0.0376978	0.429142	0.287276	0	0	0	0.00156209	0.396943	3.06716e-07	0	0	0	0	0.00187022	0
SA33A;	RNC_37.pdb	-0.607997	0.353425	-0.403092	-0.0373494	-0.0560703	-0.317162	-0.437306	-0.000836634	0.195921	0.0897389	0	0	0	0.000128042	0.0721389	0	0	0	0	0	0.00460636	0
SA33C;	RNC_38.pdb	0.498735	0.568304	1.78351	0.440456	0.51446	-1.98052	-0.53192	0.98286	-0.484398	-0.833358	0	0	0	0.0471357	-2.11247	-0.00180965	0	0	0	0	-0.00598445	0
SA33D;	RNC_39.pdb	-0.560523	-0.0820691	-0.350432	-0.438712	-0.133044	0.251145	-0.930078	0.0372632	1.03346	0.0353437	0	0	0	0.0131505	0.255897	0	0	0	0	0	0.00345076	0
SA33E;	RNC_40.pdb	-0.777613	0.339658	0.507483	-0.432063	-0.882974	0.149084	-1.02421	0.0369648	0.463446	-0.0532002	0	0	0	0.0675261	0.264294	0.0443985	0	0	0	0	0.0062726	0
SA33F;	RNC_41.pdb	0.355852	0	-0.0159678	-0.478004	-0.0298504	0.53431	-0.893719	0.125265	-0.0177969	0.433234	0	0	0	0.700724	0.143269	0	0	0	0	0	-0.00234335	0
SA33G;	RNC_42.pdb	0.986206	0.0275832	1.10561	-0.295802	-0.0221105	-0.510759	-1.13538	0.0380221	-0.0708484	1.15492	0	0	0	0.690345	0.259864	-3.14016e-07	0	0	0	0	0.00462353	0
	RNC_43.pdb	-0.2534	-0.0581157	1.61763	-1.2316	-0.980056	1.73845	-1.9667	0.116514	-0.251588	0.603176	0	0	0	-0.0199097	0.405468	0.171716	0	0	0	0	0.00708157	0
	RNC_44.pdb	-0.779842	0.33517	0.984337	-0.454051	-0.352341	-0.276556	-1.25872	0.112732	-0.180863	0.25508	0	0	0	0.000209998	0.132746	0.0429711	0	0	0	0	0.0121869	0
	RNC_45.pdb	0.415863	0.547559	0.547559	0.0790985	-0.00050821	-0.264446	-0.236828	0.0806967	-0.542442	0.205174	0	0	0	0	-0.00509085	0	0	0	0	0	-5.55112e-17	0
	RNC_46.pdb	0.333344	0.357965	0.357962	-0.15437	0.00118868	0.0128829	-0.398676	0.000395458	-0.130741	0.286737	0	0	0	-3.52327e-09	0.0281098	3.05917e-07	0	0	0	0	1.09738e-08	0
	RNC_47.pdb	-0.359414	-0.321216	-0.167782	-0.248775	-0.351689	0.410284	-0.542603	-5.63848e-05	-0.000235387	0.8662	0	0	0	-9.48181e-06	-0.0322316	-0.00353341	0	0	0	0	-1.09738e-08	0
	RNC_48.pdb	0.155193	-0.0687621	-0.0687645	-0.317717	-0.226335	0.47195	-0.711891	0.00242146	0.609076	0.466352	0	0	0	0.00247296	0.00400969	-0.00361036	0	0	0	0	1.09738e-08	0
	RNC_49.pdb	0.0109915	0.315539	0.315541	-0.659958	0.0567591	0.362948	-1.29504	0.027316	0.0808156	0.805286	0	0	0	0.00178666	-0.0327792	-3.05917e-07	0	0	0	0	-1.09738e-08	0
	RNC_50.pdb	0.859949	0.553587	0.921484	0.260607	0.0593133	-0.680374	0.116649	-0.367699	-0.156117	0.166102	0	0	0	-0.00411593	0.0685155	-0.00963004	0	0	0	0	0.00014375	0
