LA52T;	by the FoldX Consortium 
LA52S;	Jesper Borg, Frederic Rousseau, Joost Schymkowitz,
LA52R;	Luis Serrano and Francois Stricher
LA52Q;	------------------------------------------------------
LA52P;	
LA52N;	PDB file analysed: batch
LA52M;	Output type: BuildModel
LA52K;	Pdb	total energy	Backbone Hbond	Sidechain Hbond	Van der Waals	Electrostatics	Solvation Polar	Solvation Hydrophobic	Van der Waals clashes	entropy sidechain	entropy mainchain	sloop_entropy	mloop_entropy	cis_bond	torsional clash	backbone clash	helix dipole	water bridge	disulfide	electrostatic kon	partial covalent bonds	energy Ionisation	Entropy Complex
LA52I;	RASH_1.pdb	1.61932	0.165623	0.0615831	1.20002	0.889116	-0.93832	1.96691	0.32885	-1.44564	-0.743464	0	0	0	0.132123	0	0.00252632	0	0	0	0	0	0
LA52H;	RASH_2.pdb	3.1147	0.232374	6.2883e-13	1.4454	0.012525	-0.56872	2.81191	-0.00652061	-0.871302	0.0702703	0	0	0	-0.0112662	0	2.78532e-05	0	0	0	0	0	0
LA52F;	RASH_3.pdb	1.83647	0.0888338	5.4925e-12	0.572228	-0.121064	-0.191577	1.39085	-0.0639676	-0.375873	0.464854	0	0	0	0.0734095	0	-0.00121544	0	0	0	0	0	0
LA52E;	RASH_4.pdb	2.00381	0.161151	-0.649906	0.587395	-0.126559	0.0464122	1.42569	-0.00386395	0.566379	-0.00666292	0	0	0	0.00358157	0	0.000189556	0	0	0	0	0	0
LA52D;	RASH_5.pdb	3.72546	0.906395	-0.784935	1.79497	0.717838	-2.37137	2.25094	1.24291	-0.123584	0.089819	0	0	0	4.07471e-05	0	0.00243512	0	0	0	0	0	0
LA52G;	RASH_6.pdb	2.3319	0.149846	-1.02252	0.648903	-0.988198	0.830781	2.04586	-0.0560984	0.866514	-0.124936	0	0	0	-0.0141162	0	-0.00414543	0	0	0	0	0	0
LA52W;	RASH_7.pdb	0.678226	0.01986	0	-0.428952	0.000467918	0.178185	-0.36004	0.00542185	0.887148	0.441796	0	0	0	-0.0656618	0	0	0	0	0	0	0	0
LA52A;	RASH_8.pdb	0.854939	0.218317	-0.570145	0.920666	0.0263177	-1.01084	1.42322	-0.00370617	0.225808	-0.497848	0	0	0	0.123147	0	-1.47548e-09	0	0	0	0	0	0
LA52C;	RASH_9.pdb	-0.24925	0.0922773	8.76887e-08	-0.0983286	0.185521	-0.41306	-0.438635	0.0161381	0.552093	-0.273789	0	0	0	0.127675	0	0.000857679	0	0	0	0	0	0
LA52Y;	RASH_10.pdb	2.60419	-0.0127206	5.85573e-08	-0.0954649	-0.034098	1.13417	0.716871	-0.0412767	-0.218944	1.07738	0	0	0	0.000531558	0	-0.00117756	0	0	0	0	0.0789273	0
LA53R;	RASH_11.pdb	0.461089	0.101305	0	-0.326532	-0.0853125	0.101702	-0.145291	0.10454	0.104598	0.437807	0	0	0	0.168273	0	0	0	0	0	0	0	0
LA53S;	RASH_12.pdb	1.72121	0.143901	0.0344256	0.606684	0.0463793	-0.324523	1.3107	0.00474164	-0.189227	0.0866891	0	0	0	0.00138694	0	5.08495e-05	0	0	0	0	-2.7478e-15	0
LA53T;	RASH_13.pdb	3.34441	-0.775092	-0.800063	0.588231	0.0256794	1.44204	1.83927	-0.0233924	0.268741	0.766127	0	0	0	0.00846702	0	0.00440183	0	0	0	0	-2.7478e-15	0
LA53V;	RASH_14.pdb	2.90317	0.332698	-0.0243806	2.01576	0.187975	-1.85969	3.08928	0.0492948	-1.06821	0.17499	0	0	0	0.00721488	0	-0.00176541	0	0	0	0	-2.7478e-15	0
LA53W;	RASH_15.pdb	1.15941	0.178685	-2.54727e-08	0.151042	-0.363466	-0.114249	0.634687	-0.00474665	0.122742	0.52041	0	0	0	0.0295936	0	0.00471207	0	0	0	0	-2.7478e-15	0
LA53Y;	RASH_16.pdb	2.27896	0.19493	-0.0359334	1.36125	0.155453	-0.996926	2.35665	-0.0163831	-0.980495	0.207553	0	0	0	0.0338827	0	-0.00101872	0	0	0	0	-2.7478e-15	0
LA53N;	RASH_17.pdb	1.76372	0.135199	0	0.893621	0	-0.733459	1.78185	-0.0686803	-0.411069	0.167523	0	0	0	-0.00126431	0	0	0	0	0	0	0	0
LA53K;	RASH_18.pdb	2.18044	0.259875	1.30594	1.41664	0.793629	-1.88161	2.16785	-0.225808	-1.42795	-0.177676	0	0	0	-0.0534834	0	0.00302242	0	0	0	0	-2.7478e-15	0
LA53A;	RASH_19.pdb	6.71591	0.284171	0.204111	-0.703338	0.207959	2.57364	0.996403	2.21837	0.502318	0.193498	0	0	0	0.161232	0.00131148	0.0775463	0	0	0	0	-2.77556e-15	0
LA53C;	RASH_20.pdb	6.02852	0.234326	0	1.82395	0	0.275162	4.33896	-0.0216831	-0.630417	0.0108655	0	0	0	-0.00264168	-0.0414872	0	0	0	0	0	0	0
LA53D;	RASH_21.pdb	4.41315	0.186835	-0.28198	1.26717	0	0.546021	3.1482	-0.00543933	-0.547259	-0.0567584	0	0	0	0.156363	1.42109e-14	0	0	0	0	0	0	0
LA53E;	RASH_22.pdb	3.16679	0.0642675	-1.1291e-06	0.754901	0.0326194	-0.0511071	1.57779	1.30286	-0.591474	-0.130697	0	0	0	0.207637	-0.0944013	-1.47018e-09	0	0	0	0	-2.77556e-15	0
LA53F;	RASH_23.pdb	7.22606	0.0811699	-0.329481	-1.55652	0.591994	1.62576	-1.93709	7.65496	-0.0393707	0.410474	0	0	0	0.704347	0.334925	0.0198168	0	0	0	0	-2.77556e-15	0
LA53G;	RASH_24.pdb	9.07049	-0.0081592	-1.49143e-11	-0.522128	0.252464	0.872599	0.0668488	8.44549	-0.103019	0.0157904	0	0	0	0.050603	0.129409	-1.11022e-16	0	0	0	0	0	0
LA53Q;	RASH_25.pdb	4.51029	0.136163	0	0.942821	0	0.999148	2.90447	0.00521456	-0.31509	-0.156129	0	0	0	-0.00629997	0.040519	0	0	0	0	0	0	0
LA53H;	RASH_26.pdb	4.75045	0.0569563	3.434e-07	-0.232228	0.279359	3.18014	0.523411	-0.0242713	0.823623	0.0793513	0	0	0	0.0607143	0.084726	0.0033911	0	0	0	0	2.77556e-15	0
LA53I;	RASH_27.pdb	4.95416	0.21571	0	2.04983	0	-0.613611	4.06519	-0.0134923	-1.03631	0.289184	0	0	0	-0.00234251	0	0	0	0	0	0	0	0
LA53M;	RASH_28.pdb	3.87471	0.190065	0	1.43095	0	-0.562584	3.2124	-0.00244321	-0.253228	-0.129069	0	0	0	-0.0113831	1.42109e-14	0	0	0	0	0	0	0
LA53P;	RASH_29.pdb	5.672	0.179644	0	1.1741	-0.0624493	2.11347	3.13605	-0.00173315	-0.467243	-0.384578	0	0	0	-0.0173833	0	0.00211411	0	0	0	0	0	0
DA54I;	RASH_30.pdb	4.9177	0.16991	0	0.484367	-0.386481	2.57489	1.88445	-0.110845	0.296424	-0.00802509	0	0	0	0.0122988	1.42109e-14	0.000721835	0	0	0	0	0	0
DA54N;	RASH_31.pdb	3.75551	0.0768166	-1.99421e-06	-0.281514	0.28457	-0.304776	-0.10848	4.2019	-0.205354	-0.0511124	0	0	0	0.143465	-1.89772e-06	-4.28518e-10	0	0	0	0	-2.77556e-15	0
DA54T;	RASH_32.pdb	6.69182	0.282962	0	2.73081	-0.000421957	-1.01964	5.33564	-0.0380322	-1.2531	0.658517	0	0	0	-0.0049119	0	0	0	0	0	0	0	0
DA54S;	RASH_33.pdb	4.08461	0.130225	0	0.266687	0	1.22503	1.65484	0.0178607	0.552668	0.224412	0	0	0	0.0128847	0.0962108	0	0	0	0	0	0	0
DA54R;	RASH_34.pdb	4.01089	0.0283594	-0.0329136	0.114048	-0.063516	1.66843	1.56904	0.330639	-0.0836228	-0.262282	0	0	0	0.571886	0.152773	0.00821689	0	0	0	0	0.162608	0
DA54Q;	RASH_35.pdb	2.07701	-0.0509823	0	0.107825	1.77636e-15	0.158577	0.28371	1.32017	-0.0685222	-0.251974	0	0	0	0.578207	-2.84217e-14	0	0	0	0	0	0	0
DA54P;	RASH_36.pdb	0.348298	0.0623422	0	-0.268733	-7.10543e-15	-0.236563	-0.172173	0.0135012	0.84681	0.136117	0	0	0	-0.0330036	0.0983786	0	0	0	0	0	0	0
DA54Y;	RASH_37.pdb	5.15424	1.42466	1.91486e-06	1.29412	2.01077e-06	-0.477265	2.59972	1.28294	-0.689873	-0.278206	0	0	0	-0.00184354	-0.0397813	-3.24928e-07	0	0	0	0	-1.11022e-16	0
DA54M;	RASH_38.pdb	-1.47885	-0.201271	2.25998	-0.841196	0.640315	-0.852395	-2.13365	-0.0618832	-0.840246	0.533592	0	0	0	0.023903	0.000117626	-0.00599204	0	0	0	0	1.11022e-16	0
DA54L;	RASH_39.pdb	-0.411584	-0.140375	-0.661864	-0.239689	0.641443	-0.286081	-0.21541	4.81692e-05	0.184873	0.287137	0	0	0	0.0254323	-9.13118e-10	-0.0070987	0	0	0	0	1.11022e-16	0
DA54K;	RASH_40.pdb	0.205224	-0.127541	-1.79101	-0.377679	0.00202848	0.499044	-0.372671	-0.102783	1.95758	0.506475	0	0	0	0.0192968	0.000140648	-0.00751673	0	0	0	0	1.11022e-16	0
DA54H;	RASH_41.pdb	1.05195	-0.0248657	-0.268381	0.00976537	0.175928	-0.221428	0.144243	-0.00447965	0.620593	0.607568	0	0	0	0.018116	0.000142364	-0.00510916	0	0	0	0	1.11022e-16	0
DA54G;	RASH_42.pdb	0.210753	-0.316783	-1.61787	-0.993386	0.571895	0.430596	-1.20993	0.767078	1.58769	0.814974	0	0	0	0.19457	0.00243467	-0.0180869	0	0	0	0	1.11022e-16	0
	RASH_43.pdb	1.05296	-1.30959	0.837072	-0.496049	0.857407	0.74902	-0.427706	0.0406486	0.432863	0.685121	0	0	0	-0.263766	0.236878	-0.0520546	0	0	0	0	1.11022e-16	0
	RASH_44.pdb	3.1894	1.19672	1.46429	0.0152394	0.7201	-2.1769	-0.977212	2.09681	-0.689289	1.55335	0	0	0	-0.00744652	0.000141456	-0.0062745	0	0	0	0	1.11022e-16	0
	RASH_45.pdb	0.961456	-1.59325	1.31989	-0.552483	1.23619	0.251717	-0.826469	0.17952	-0.28142	1.29919	0	0	0	-0.0225052	0.0724854	-0.0489212	0	0	0	0	1.11022e-16	0
	RASH_46.pdb	-0.221774	-0.774102	1.91747	-0.101949	1.17123	-1.84591	-1.04869	-0.157067	-0.200954	0.865808	0	0	0	-0.0222058	-0.0554435	-0.0254042	0	0	0	0	0	0
	RASH_47.pdb	-1.46789	-0.0677057	1.52145	-0.839544	0.0922992	-0.837966	-2.23511	0.0629923	0.0612391	0.692981	0	0	0	0.0918504	0.000140302	-0.0103846	0	0	0	0	0	0
	RASH_48.pdb	-0.0518762	-0.271709	1.52227	-0.667083	0.577842	-0.30765	-1.44135	0.161875	-0.126437	0.490519	0	0	0	0.0196994	-9.13175e-10	-0.00984857	0	0	0	0	0	0
	RASH_49.pdb	-0.044429	-0.152976	-0.00704533	-0.401322	0.638735	-0.407821	-0.622839	0.0204684	0.195997	0.590605	0	0	0	0.0378363	0.000121781	-0.00720461	0	0	0	0	0.0711383	0
	RASH_50.pdb	2.11907	-0.730033	1.04367	1.32251	0.649774	-1.82169	1.73614	-0.0336502	-0.808457	1.09011	0	0	0	-0.278422	0.154436	-0.0508739	0	0	0	0	-5.88418e-15	0
